﻿Title,Image,h2,sqlogolink_URL,Number,mtxsm_URL,mtxsm,mtxsm_URL1,mtxsm2,subtlelink_URL,subtlelink
Bain & Company,,#1,"https://www.glassdoor.sg/Overview/Working-at-Bain-and-Company-EI_IE3752.11,27.htm",4.6,https://www.glassdoor.sg/Reviews/Bain-and-Company-Reviews-E3752.htm, See Reviews,https://www.glassdoor.sg/Jobs/Bain-and-Company-Jobs-E3752.htm, View Jobs,https://www.glassdoor.sg/Reviews/Employee-Review-Bain-and-Company-Inc-RVW22800348.htm," Bain really lives and breathes its values. I feel both challenged yet supported every single day, and truly feel that I am making an impact."
Zoom Video Communications,,#2,"https://www.glassdoor.sg/Overview/Working-at-Zoom-Video-Communications-EI_IE924644.11,36.htm",4.5,https://www.glassdoor.sg/Reviews/Zoom-Video-Communications-Reviews-E924644.htm, See Reviews,https://www.glassdoor.sg/Jobs/Zoom-Video-Communications-Jobs-E924644.htm, View Jobs,https://www.glassdoor.sg/Reviews/Employee-Review-Zoom-Video-Communications-Inc-RVW21201141.htm," Fantastic company culture of ""Happiness."" You feel it every day and you can't wait to come to work because you feel..."
In-N-Out Burger,,#3,"https://www.glassdoor.sg/Overview/Working-at-In-N-Out-Burger-EI_IE14276.11,26.htm",4.5,https://www.glassdoor.sg/Reviews/In-N-Out-Burger-Reviews-E14276.htm, See Reviews,https://www.glassdoor.sg/Jobs/In-N-Out-Burger-Jobs-E14276.htm, View Jobs,https://www.glassdoor.sg/Reviews/Employee-Review-In-N-Out-Burger-RVW18230598.htm, You have great opportunities to advance both in store and corporate. They offer great training and have a great support structure.
Procore Technologies,,#4,"https://www.glassdoor.sg/Overview/Working-at-Procore-Technologies-EI_IE691343.11,31.htm",4.5,https://www.glassdoor.sg/Reviews/Procore-Technologies-Reviews-E691343.htm, See Reviews,https://www.glassdoor.sg/Jobs/Procore-Technologies-Jobs-E691343.htm, View Jobs,https://www.glassdoor.sg/Reviews/Employee-Review-Procore-Technologies-Inc-RVW21707704.htm," The BIGGEST pro of Procore, is the opportunity for career growth. Procore is all about making you better and letting you follow your..."
Boston Consulting Group,,#5,"https://www.glassdoor.sg/Overview/Working-at-Boston-Consulting-Group-EI_IE3879.11,34.htm",4.5,https://www.glassdoor.sg/Reviews/Boston-Consulting-Group-Reviews-E3879.htm, See Reviews,https://www.glassdoor.sg/Jobs/Boston-Consulting-Group-Jobs-E3879.htm, View Jobs,https://www.glassdoor.sg/Reviews/Employee-Review-The-Boston-Consulting-Group-Inc-RVW18891560.htm," Best work and life balance, amazing benefits, amazing people and most importantly a people-first focused company. What else can you ask..."
LinkedIn,,#6,"https://www.glassdoor.sg/Overview/Working-at-LinkedIn-EI_IE34865.11,19.htm",4.5,https://www.glassdoor.sg/Reviews/LinkedIn-Reviews-E34865.htm, See Reviews,https://www.glassdoor.sg/Jobs/LinkedIn-Jobs-E34865.htm, View Jobs,https://www.glassdoor.sg/Reviews/Employee-Review-LinkedIn-Corporation-RVW18903098.htm, I love working for a company whose vision aligns with my personal beliefs. We are motivated by our belief that we are changing the...
Facebook,,#7,https://www.glassdoor.sg/facebook,4.5,https://www.glassdoor.sg/Reviews/Facebook-Reviews-E40772.htm, See Reviews,https://www.glassdoor.sg/Jobs/Facebook-Jobs-E40772.htm, View Jobs,https://www.glassdoor.sg/Reviews/Employee-Review-Facebook-Inc-RVW21370423.htm, I've never worked at a company that cares so much about its people. Taking care of yourself and working sustainably is part of the...
Google,,#8,"https://www.glassdoor.sg/Overview/Working-at-Google-EI_IE9079.11,17.htm",4.4,https://www.glassdoor.sg/Reviews/Google-Reviews-E9079.htm, See Reviews,https://www.glassdoor.sg/Jobs/Google-Jobs-E9079.htm, View Jobs,https://www.glassdoor.sg/Reviews/Employee-Review-Google-Inc-RVW19574233.htm," Working at Google is truly amazing. The best people, perks, and awesome company culture with lots of opportunities for growth."
lululemon,,#9,"https://www.glassdoor.sg/Overview/Working-at-lululemon-EI_IE42589.11,20.htm",4.4,https://www.glassdoor.sg/Reviews/lululemon-Reviews-E42589.htm, See Reviews,https://www.glassdoor.sg/Jobs/lululemon-Jobs-E42589.htm, View Jobs,https://www.glassdoor.sg/Reviews/Employee-Review-lululemon-athletica-inc-RVW22517023.htm, So fun and supportive! The company is phenomenal and really helps you towards your goals inside and outside the company!
Southwest Airlines,,#10,"https://www.glassdoor.sg/Overview/Working-at-Southwest-Airlines-EI_IE611.11,29.htm",4.4,https://www.glassdoor.sg/Reviews/Southwest-Airlines-Reviews-E611.htm, See Reviews,https://www.glassdoor.sg/Jobs/Southwest-Airlines-Jobs-E611.htm, View Jobs,https://www.glassdoor.sg/Reviews/Employee-Review-Southwest-Airlines-Co-RVW21441080.htm, Profit sharing when applicable is wonderful. Salaries are competitive within Technology. Great culture and community give back events.
Salesforce,,#11,"https://www.glassdoor.sg/Overview/Working-at-Salesforce-EI_IE11159.11,21.htm",4.4,https://www.glassdoor.sg/Reviews/Salesforce-Reviews-E11159.htm, See Reviews,https://www.glassdoor.sg/Jobs/Salesforce-Jobs-E11159.htm, View Jobs,https://www.glassdoor.sg/Reviews/Employee-Review-Salesforce-RVW23061163.htm, It's an incredibly supportive place to work and you get time off to volunteer; one of the best benefits there can be.
Intuitive (Intuitive Surgical),,#12,"https://www.glassdoor.sg/Overview/Working-at-Intuitive-Intuitive-Surgical-EI_IE8090.11,39.htm",4.4,https://www.glassdoor.sg/Reviews/Intuitive-Intuitive-Surgical-Reviews-E8090.htm, See Reviews,https://www.glassdoor.sg/Jobs/Intuitive-Intuitive-Surgical-Jobs-E8090.htm, View Jobs,https://www.glassdoor.sg/Reviews/Employee-Review-Intuitive-Surgical-Inc-RVW22694623.htm, Best place to work in terms of timings and opportunities. Management is very helpful. Benefits and packages are best in market.
St. Jude Children's Research Hospital,,#13,"https://www.glassdoor.sg/Overview/Working-at-St-Jude-Children-s-Research-Hospital-EI_IE28315.11,47.htm",4.4,https://www.glassdoor.sg/Reviews/St-Jude-Children-s-Research-Hospital-Reviews-E28315.htm, See Reviews,https://www.glassdoor.sg/Jobs/St-Jude-Children-s-Research-Hospital-Jobs-E28315.htm, View Jobs,https://www.glassdoor.sg/Reviews/Employee-Review-St-Jude-Children-s-Research-Hospital-Inc-RVW22513820.htm, You can't beat the reason you come to work everyday. The team environment is healthy and supportive. Our supervisors want to see...
Slalom,,#14,"https://www.glassdoor.sg/Overview/Working-at-Slalom-EI_IE31102.11,17.htm",4.4,https://www.glassdoor.sg/Reviews/Slalom-Reviews-E31102.htm, See Reviews,https://www.glassdoor.sg/Jobs/Slalom-Jobs-E31102.htm, View Jobs,https://www.glassdoor.sg/Reviews/Employee-Review-Slalom-LLC-RVW21801350.htm," Slalom has a fantastic inclusive culture which focuses on their greatest resource, their people."
Power Home Remodeling,,#15,"https://www.glassdoor.sg/Overview/Working-at-Power-Home-Remodeling-EI_IE405781.11,32.htm",4.4,https://www.glassdoor.sg/Reviews/Power-Home-Remodeling-Reviews-E405781.htm, See Reviews,https://www.glassdoor.sg/Jobs/Power-Home-Remodeling-Jobs-E405781.htm, View Jobs,https://www.glassdoor.sg/Reviews/Employee-Review-Power-Home-Remodeling-Group-LLC-RVW20716986.htm, Opportunities for Growth within the company. Power loves their employees and gives back to us as well as gives back to the local...
HubSpot,,#16,"https://www.glassdoor.sg/Overview/Working-at-HubSpot-EI_IE227605.11,18.htm",4.4,https://www.glassdoor.sg/Reviews/HubSpot-Reviews-E227605.htm, See Reviews,https://www.glassdoor.sg/Jobs/HubSpot-Jobs-E227605.htm, View Jobs,https://www.glassdoor.sg/Reviews/Employee-Review-HubSpot-Inc-RVW22981325.htm, While at HubSpot I have seen a massive effort to improve internal tools and to ensure people have what they need to get the job done.
DocuSign,,#17,"https://www.glassdoor.sg/Overview/Working-at-DocuSign-EI_IE307604.11,19.htm",4.4,https://www.glassdoor.sg/Reviews/DocuSign-Reviews-E307604.htm, See Reviews,https://www.glassdoor.sg/Jobs/DocuSign-Jobs-E307604.htm, View Jobs,https://www.glassdoor.sg/Reviews/Employee-Review-DocuSign-Inc-RVW20741571.htm," The culture, people, and future of this company are certainly reasons to join. I love my job and I love coming into the office each day."
Ultimate Software,,#18,"https://www.glassdoor.sg/Overview/Working-at-Ultimate-Software-EI_IE7900.11,28.htm",4.4,https://www.glassdoor.sg/Reviews/Ultimate-Software-Reviews-E7900.htm, See Reviews,https://www.glassdoor.sg/Jobs/Ultimate-Software-Jobs-E7900.htm, View Jobs,https://www.glassdoor.sg/Reviews/Employee-Review-The-Ultimate-Software-Group-Inc-RVW22907680.htm," Besides the fact that work at Ultimate is fulfilling and that the environment is collaborative and fun, the company offers amazing..."
McKinsey & Company,,#19,"https://www.glassdoor.sg/Overview/Working-at-McKinsey-and-Company-EI_IE2893.11,31.htm",4.4,https://www.glassdoor.sg/Reviews/McKinsey-and-Company-Reviews-E2893.htm, See Reviews,https://www.glassdoor.sg/Jobs/McKinsey-and-Company-Jobs-E2893.htm, View Jobs,https://www.glassdoor.sg/Reviews/Employee-Review-McKinsey-and-Company-Inc-RVW22929384.htm," The environment is very entrepreneurial, and if you look for ways to get involved with your passions you can find some spectacular..."
Paylocity,,#20,"https://www.glassdoor.sg/Overview/Working-at-Paylocity-EI_IE29987.11,20.htm",4.4,https://www.glassdoor.sg/Reviews/Paylocity-Reviews-E29987.htm, See Reviews,https://www.glassdoor.sg/Jobs/Paylocity-Jobs-E29987.htm, View Jobs,https://www.glassdoor.sg/Reviews/Employee-Review-Paylocity-Corporation-RVW22673135.htm, The work life balance is amazing. You are treated like an individual and not a number.
"Ryan, LLC",,#21,"https://www.glassdoor.sg/Overview/Working-at-Ryan-LLC-EI_IE26296.11,19.htm",4.4,https://www.glassdoor.sg/Reviews/Ryan-LLC-Reviews-E26296.htm, See Reviews,https://www.glassdoor.sg/Jobs/Ryan-LLC-Jobs-E26296.htm, View Jobs,https://www.glassdoor.sg/Reviews/Employee-Review-Ryan-Inc-RVW20433904.htm, Ryan has a team centric culture that inspires creativity and excitement in the workplace.
Sammons Financial Group Companies,,#22,"https://www.glassdoor.sg/Overview/Working-at-Sammons-Financial-Group-Companies-EI_IE19642.11,44.htm",4.4,https://www.glassdoor.sg/Reviews/Sammons-Financial-Group-Companies-Reviews-E19642.htm, See Reviews,https://www.glassdoor.sg/Jobs/Sammons-Financial-Group-Companies-Jobs-E19642.htm, View Jobs,https://www.glassdoor.sg/Reviews/Employee-Review-Sammons-Financial-Group-Inc-RVW21255804.htm," Company truly takes care of employees with above-average salary, bonuses, and not to mention the ESOP with 100% vesting after only..."
Trader Joe's,,#23,"https://www.glassdoor.sg/Overview/Working-at-Trader-Joe-s-EI_IE5631.11,23.htm",4.4,https://www.glassdoor.sg/Reviews/Trader-Joe-s-Reviews-E5631.htm, See Reviews,https://www.glassdoor.sg/Jobs/Trader-Joe-s-Jobs-E5631.htm, View Jobs,https://www.glassdoor.sg/Reviews/Employee-Review-Trader-Joe-s-Company-RVW20023439.htm," As a crew member you are encouraged to have fun with customers, answering product questions, chatting about recipes using the Trader..."
Lawrence Livermore National Laboratory,,#24,"https://www.glassdoor.sg/Overview/Working-at-Lawrence-Livermore-National-Laboratory-EI_IE35235.11,49.htm",4.4,https://www.glassdoor.sg/Reviews/Lawrence-Livermore-National-Laboratory-Reviews-E35235.htm, See Reviews,https://www.glassdoor.sg/Jobs/Lawrence-Livermore-National-Laboratory-Jobs-E35235.htm, View Jobs,https://www.glassdoor.sg/Reviews/Employee-Review-Lawrence-Livermore-National-Laboratory-RVW22631321.htm, The people who work here are top notch and the opportunity to expand your skills and move between positions is pretty much limitless.
Smile Brands,,#25,"https://www.glassdoor.sg/Overview/Working-at-Smile-Brands-EI_IE321628.11,23.htm",4.4,https://www.glassdoor.sg/Reviews/Smile-Brands-Reviews-E321628.htm, See Reviews,https://www.glassdoor.sg/Jobs/Smile-Brands-Jobs-E321628.htm, View Jobs,https://www.glassdoor.sg/Reviews/Employee-Review-Smile-Brands-Inc-RVW22935469.htm," Everyone from the top down really treats you with respect, they care about you as an individual and truly are invested in your success!"
Fast Enterprises,,#26,"https://www.glassdoor.sg/Overview/Working-at-Fast-Enterprises-EI_IE241404.11,27.htm",4.4,https://www.glassdoor.sg/Reviews/Fast-Enterprises-Reviews-E241404.htm, See Reviews,https://www.glassdoor.sg/Jobs/Fast-Enterprises-Jobs-E241404.htm, View Jobs,https://www.glassdoor.sg/Reviews/Employee-Review-Fast-Enterprises-RVW21747895.htm, FAST does a great job encouraging its employees to get involved in their community; there are abundant volunteer opportunities and fun...
SAP,,#27,https://www.glassdoor.sg/sap,4.4,https://www.glassdoor.sg/Reviews/SAP-Reviews-E10471.htm, See Reviews,https://www.glassdoor.sg/Jobs/SAP-Jobs-E10471.htm, View Jobs,https://www.glassdoor.sg/Reviews/Employee-Review-SAP-Aktiengesellschaft-RVW22514004.htm, A company culture that promotes and values diversity of all kinds. Smart colleagues. Lots of opportunity for development and...
Delta Air Lines,,#28,"https://www.glassdoor.sg/Overview/Working-at-Delta-Air-Lines-EI_IE197.11,26.htm",4.4,https://www.glassdoor.sg/Reviews/Delta-Air-Lines-Reviews-E197.htm, See Reviews,https://www.glassdoor.sg/Jobs/Delta-Air-Lines-Jobs-E197.htm, View Jobs,https://www.glassdoor.sg/Reviews/Employee-Review-Delta-Air-Lines-Inc-RVW22262105.htm, Great travel benefits and very accommodating company in regards to hearing how to improve the operation.
Navy Federal Credit Union,,#29,"https://www.glassdoor.sg/Overview/Working-at-Navy-Federal-Credit-Union-EI_IE7281.11,36.htm",4.4,https://www.glassdoor.sg/Reviews/Navy-Federal-Credit-Union-Reviews-E7281.htm, See Reviews,https://www.glassdoor.sg/Jobs/Navy-Federal-Credit-Union-Jobs-E7281.htm, View Jobs,https://www.glassdoor.sg/Reviews/Employee-Review-Navy-Federal-Credit-Union-RVW19861441.htm, They consistently evaluate their total rewards to better accommodate their employees to ensure I have a great work life balance.
Adobe,,#30,"https://www.glassdoor.sg/Overview/Working-at-Adobe-EI_IE1090.11,16.htm",4.4,https://www.glassdoor.sg/Reviews/Adobe-Reviews-E1090.htm, See Reviews,https://www.glassdoor.sg/Jobs/Adobe-Jobs-E1090.htm, View Jobs,https://www.glassdoor.sg/Reviews/Employee-Review-Adobe-Systems-Incorporated-RVW19895364.htm," It is a place where you can build a long-term career, and work on amazing technologies. The people are great here; engaged, friendly..."
H E B,,#31,"https://www.glassdoor.sg/Overview/Working-at-H-E-B-EI_IE2824.11,16.htm",4.4,https://www.glassdoor.sg/Reviews/H-E-B-Reviews-E2824.htm, See Reviews,https://www.glassdoor.sg/Jobs/H-E-B-Jobs-E2824.htm, View Jobs,https://www.glassdoor.sg/Reviews/Employee-Review-H-E-Butt-Grocery-Company-RVW21500537.htm, What I love about HEB is that they are really good with your availability if you are part time and going to school.
Compass,,#32,"https://www.glassdoor.sg/Overview/Working-at-Compass-EI_IE719025.11,18.htm",4.4,https://www.glassdoor.sg/Reviews/Compass-Reviews-E719025.htm, See Reviews,https://www.glassdoor.sg/Jobs/Compass-Jobs-E719025.htm, View Jobs,https://www.glassdoor.sg/Reviews/Employee-Review-Urban-Compass-Inc-RVW20274137.htm, Amazing collaborative environment where all are valued and critique is a tool for growth.
Illumina,,#33,"https://www.glassdoor.sg/Overview/Working-at-Illumina-EI_IE11671.11,19.htm",4.3,https://www.glassdoor.sg/Reviews/Illumina-Reviews-E11671.htm, See Reviews,https://www.glassdoor.sg/Jobs/Illumina-Jobs-E11671.htm, View Jobs,https://www.glassdoor.sg/Reviews/Employee-Review-Illumina-Inc-RVW22190771.htm," Easily a career company, which really takes a proactive interest in growing it's employees."
Microsoft,,#34,"https://www.glassdoor.sg/Overview/Working-at-Microsoft-EI_IE1651.11,20.htm",4.3,https://www.glassdoor.sg/Reviews/Microsoft-Reviews-E1651.htm, See Reviews,https://www.glassdoor.sg/Jobs/Microsoft-Jobs-E1651.htm, View Jobs,https://www.glassdoor.sg/Reviews/Employee-Review-Microsoft-Corporation-RVW21935357.htm, You are working with a group of smartest people in the world. The daily work is interesting and challenging.
Trilogy Health Services,,#35,"https://www.glassdoor.sg/Overview/Working-at-Trilogy-Health-Services-EI_IE212879.11,34.htm",4.3,https://www.glassdoor.sg/Reviews/Trilogy-Health-Services-Reviews-E212879.htm, See Reviews,https://www.glassdoor.sg/Jobs/Trilogy-Health-Services-Jobs-E212879.htm, View Jobs,https://www.glassdoor.sg/Reviews/Employee-Review-Trilogy-Health-Services-LLC-RVW22739586.htm, Such a caring and in-depth company! Management is personable and sweet. PAY IS GREAT and higher than any other STNA job I've heard...
NVIDIA,,#36,"https://www.glassdoor.sg/Overview/Working-at-NVIDIA-EI_IE7633.11,17.htm",4.3,https://www.glassdoor.sg/Reviews/NVIDIA-Reviews-E7633.htm, See Reviews,https://www.glassdoor.sg/Jobs/NVIDIA-Jobs-E7633.htm, View Jobs,https://www.glassdoor.sg/Reviews/Employee-Review-NVIDIA-Corporation-RVW22602825.htm," Team attitude pervades the company. Let's get this done together! Clear thinking in many decisions, whether hiring, designing a..."
E. & J. Gallo Winery,,#37,"https://www.glassdoor.sg/Overview/Working-at-E-and-J-Gallo-Winery-EI_IE2778.11,31.htm",4.3,https://www.glassdoor.sg/Reviews/E-and-J-Gallo-Winery-Reviews-E2778.htm, See Reviews,https://www.glassdoor.sg/Jobs/E-and-J-Gallo-Winery-Jobs-E2778.htm, View Jobs,https://www.glassdoor.sg/Reviews/Employee-Review-E-and-J-Gallo-Winery-RVW22878625.htm, Employees are treated with respect and are appreciated. Opportunities for advancement and career growth abound.
Intuit,,#38,"https://www.glassdoor.sg/Overview/Working-at-Intuit-EI_IE2293.11,17.htm",4.3,https://www.glassdoor.sg/Reviews/Intuit-Reviews-E2293.htm, See Reviews,https://www.glassdoor.sg/Jobs/Intuit-Jobs-E2293.htm, View Jobs,https://www.glassdoor.sg/Reviews/Employee-Review-Intuit-Inc-RVW22638557.htm," Every employee is treated as an owner, taught the innovation and design practices that drive a culture of reinvention and continuous..."
NIH,,#39,"https://www.glassdoor.sg/Overview/Working-at-NIH-EI_IE11709.11,14.htm",4.3,https://www.glassdoor.sg/Reviews/NIH-Reviews-E11709.htm, See Reviews,https://www.glassdoor.sg/Jobs/NIH-Jobs-E11709.htm, View Jobs,https://www.glassdoor.sg/Reviews/Employee-Review-National-Institutes-of-Health-RVW16885671.htm," Job Stability with a fixed schedule, typically only 40 hours/week and can't beat the overall benefits."
TaskUs,,#40,"https://www.glassdoor.sg/Overview/Working-at-TaskUs-EI_IE350702.11,17.htm",4.3,https://www.glassdoor.sg/Reviews/TaskUs-Reviews-E350702.htm, See Reviews,https://www.glassdoor.sg/Jobs/TaskUs-Jobs-E350702.htm, View Jobs,https://www.glassdoor.sg/Reviews/Employee-Review-TaskUs-LLC-RVW22704096.htm," The perks offered and how they allow teammates to create the culture, are just some of the reasons why this is one of the best places..."
Cengage,,#41,"https://www.glassdoor.sg/Overview/Working-at-Cengage-EI_IE20055.11,18.htm",4.3,https://www.glassdoor.sg/Reviews/Cengage-Reviews-E20055.htm, See Reviews,https://www.glassdoor.sg/Jobs/Cengage-Jobs-E20055.htm, View Jobs,https://www.glassdoor.sg/Reviews/Employee-Review-Cengage-Learning-Inc-RVW22969598.htm," Cengage has great benefits for a recently graduated student such as a flexible schedule, travel, and benefits."
Blizzard Entertainment,,#42,"https://www.glassdoor.sg/Overview/Working-at-Blizzard-Entertainment-EI_IE24858.11,33.htm",4.3,https://www.glassdoor.sg/Reviews/Blizzard-Entertainment-Reviews-E24858.htm, See Reviews,https://www.glassdoor.sg/Jobs/Blizzard-Entertainment-Jobs-E24858.htm, View Jobs,https://www.glassdoor.sg/Reviews/Employee-Review-Blizzard-Entertainment-Inc-RVW20214289.htm," Blizzard invested in me right away, offering more compensation than I asked for, and treating me as a valuable team member from day one."
Equity Residential,,#43,"https://www.glassdoor.sg/Overview/Working-at-Equity-Residential-EI_IE3635.11,29.htm",4.3,https://www.glassdoor.sg/Reviews/Equity-Residential-Reviews-E3635.htm, See Reviews,https://www.glassdoor.sg/Jobs/Equity-Residential-Jobs-E3635.htm, View Jobs,https://www.glassdoor.sg/Reviews/Employee-Review-Equity-Residential-RVW21255763.htm," Equity Residential has given me the training, technique and tools I need to be a success. Add in a fantastic support structure and..."
Kronos Incorporated,,#44,"https://www.glassdoor.sg/Overview/Working-at-Kronos-Incorporated-EI_IE2196.11,30.htm",4.3,https://www.glassdoor.sg/Reviews/Kronos-Incorporated-Reviews-E2196.htm, See Reviews,https://www.glassdoor.sg/Jobs/Kronos-Incorporated-Jobs-E2196.htm, View Jobs,https://www.glassdoor.sg/Reviews/Employee-Review-Kronos-Incorporated-RVW20752823.htm, Employee and customer centric culture with genuine leaders who truly care about doing the right thing for customers and employees.
Nebraska Furniture Mart,,#45,"https://www.glassdoor.sg/Overview/Working-at-Nebraska-Furniture-Mart-EI_IE20545.11,34.htm",4.3,https://www.glassdoor.sg/Reviews/Nebraska-Furniture-Mart-Reviews-E20545.htm, See Reviews,https://www.glassdoor.sg/Jobs/Nebraska-Furniture-Mart-Jobs-E20545.htm, View Jobs,https://www.glassdoor.sg/Reviews/Employee-Review-Nebraska-Furniture-Mart-Inc-RVW20112103.htm," NFM invests in the community and encourages all staff to have a part of social responsibility, even during work hours. I always heard..."
Wegmans Food Markets,,#46,"https://www.glassdoor.sg/Overview/Working-at-Wegmans-Food-Markets-EI_IE3042.11,31.htm",4.3,https://www.glassdoor.sg/Reviews/Wegmans-Food-Markets-Reviews-E3042.htm, See Reviews,https://www.glassdoor.sg/Jobs/Wegmans-Food-Markets-Jobs-E3042.htm, View Jobs,https://www.glassdoor.sg/Reviews/Employee-Review-Wegmans-Food-Markets-Inc-RVW21972411.htm," Health benefits, flexible schedule, training, my coworkers and managers became my second family. I love going to work everyday."
The Clorox Company,,#47,"https://www.glassdoor.sg/Overview/Working-at-The-Clorox-Company-EI_IE158.11,29.htm",4.3,https://www.glassdoor.sg/Reviews/The-Clorox-Company-Reviews-E158.htm, See Reviews,https://www.glassdoor.sg/Jobs/The-Clorox-Company-Jobs-E158.htm, View Jobs,https://www.glassdoor.sg/Reviews/Employee-Review-The-Clorox-Company-RVW18215558.htm, Great culture with very solid leadership team. Inclusive and competitive work environment. Respectful and talented employees that...
SpaceX,,#48,"https://www.glassdoor.sg/Overview/Working-at-SpaceX-EI_IE40371.11,17.htm",4.3,https://www.glassdoor.sg/Reviews/SpaceX-Reviews-E40371.htm, See Reviews,https://www.glassdoor.sg/Jobs/SpaceX-Jobs-E40371.htm, View Jobs,https://www.glassdoor.sg/Reviews/Employee-Review-Space-Exploration-Technologies-Corporation-RVW23035111.htm," SpaceX believes in its employees and its missions so much, that they invest in you and you invest in the company. All our employees are..."
Johnson & Johnson,,#49,"https://www.glassdoor.sg/Overview/Working-at-Johnson-and-Johnson-EI_IE364.11,30.htm",4.3,https://www.glassdoor.sg/Reviews/Johnson-and-Johnson-Reviews-E364.htm, See Reviews,https://www.glassdoor.sg/Jobs/Johnson-and-Johnson-Jobs-E364.htm, View Jobs,https://www.glassdoor.sg/Reviews/Employee-Review-Johnson-and-Johnson-RVW19842217.htm," Great people, great culture, and the company really cares about their employees. Really good work life balance and flexibility to work..."
Crowe,,#50,"https://www.glassdoor.sg/Overview/Working-at-Crowe-EI_IE9414.11,16.htm",4.3,https://www.glassdoor.sg/Reviews/Crowe-Reviews-E9414.htm, See Reviews,https://www.glassdoor.sg/Jobs/Crowe-Jobs-E9414.htm, View Jobs,https://www.glassdoor.sg/Reviews/Employee-Review-Crowe-LLP-RVW19551667.htm," Very flexible work environment, with the ability to work remotely as needed. The company also strives to push career advancement of..."
VMware,,#51,"https://www.glassdoor.sg/Overview/Working-at-VMware-EI_IE12830.11,17.htm",4.3,https://www.glassdoor.sg/Reviews/VMware-Reviews-E12830.htm, See Reviews,https://www.glassdoor.sg/Jobs/VMware-Jobs-E12830.htm, View Jobs,https://www.glassdoor.sg/Reviews/Employee-Review-VMware-Inc-RVW21889024.htm, Everyone that I get to interact with is helpful in any way possible. It's wonderful to work for a firm where other employees...
Northside Hospital,,#52,"https://www.glassdoor.sg/Overview/Working-at-Northside-Hospital-EI_IE20642.11,29.htm",4.3,https://www.glassdoor.sg/Reviews/Northside-Hospital-Reviews-E20642.htm, See Reviews,https://www.glassdoor.sg/Jobs/Northside-Hospital-Jobs-E20642.htm, View Jobs,https://www.glassdoor.sg/Reviews/Employee-Review-Northside-Hospital-Inc-RVW22310109.htm, The company really encourages continued education in its employees and wants to see the staff grow within the hospital.
Vi,,#53,"https://www.glassdoor.sg/Overview/Working-at-Vi-EI_IE331204.11,13.htm",4.3,https://www.glassdoor.sg/Reviews/Vi-Reviews-E331204.htm, See Reviews,https://www.glassdoor.sg/Jobs/Vi-Jobs-E331204.htm, View Jobs,https://www.glassdoor.sg/Reviews/Employee-Review-Vi-RVW21397703.htm, The culture is incredible! Decisions are made thoughtfully and people are treated with respect. It truly is a great place to work.
ABC Supply Co.,,#54,"https://www.glassdoor.sg/Overview/Working-at-ABC-Supply-Co-EI_IE657069.11,24.htm",4.3,https://www.glassdoor.sg/Reviews/ABC-Supply-Co-Reviews-E657069.htm, See Reviews,https://www.glassdoor.sg/Jobs/ABC-Supply-Co-Jobs-E657069.htm, View Jobs,https://www.glassdoor.sg/Reviews/Employee-Review-ABC-Supply-Co-Inc-RVW21980804.htm, ABC Supply is such a wonderful company to work for - they invest so much in their associates and promote from within when at all...
AvalonBay Communities,,#55,"https://www.glassdoor.sg/Overview/Working-at-AvalonBay-Communities-EI_IE2616.11,32.htm",4.3,https://www.glassdoor.sg/Reviews/AvalonBay-Communities-Reviews-E2616.htm, See Reviews,https://www.glassdoor.sg/Jobs/AvalonBay-Communities-Jobs-E2616.htm, View Jobs,https://www.glassdoor.sg/Reviews/Employee-Review-AvalonBay-Communities-Inc-RVW21020953.htm," Great leadership, innovative, promotes employee feedback and participation. Cares about all team members and promotes a healthy work..."
Boston Scientific,,#56,"https://www.glassdoor.sg/Overview/Working-at-Boston-Scientific-EI_IE2187.11,28.htm",4.3,https://www.glassdoor.sg/Reviews/Boston-Scientific-Reviews-E2187.htm, See Reviews,https://www.glassdoor.sg/Jobs/Boston-Scientific-Jobs-E2187.htm, View Jobs,https://www.glassdoor.sg/Reviews/Employee-Review-Boston-Scientific-Corporation-RVW21475935.htm," Opportunities abound, the company and your peers/leadership really care about your development! You get to have a hand in saving lives..."
Keller Williams,,#57,"https://www.glassdoor.sg/Overview/Working-at-Keller-Williams-EI_IE114145.11,26.htm",4.3,https://www.glassdoor.sg/Reviews/Keller-Williams-Reviews-E114145.htm, See Reviews,https://www.glassdoor.sg/Jobs/Keller-Williams-Jobs-E114145.htm, View Jobs,https://www.glassdoor.sg/Reviews/Employee-Review-Keller-Williams-Realty-Inc-RVW19776268.htm, Keller Williams offers excellent training and support and a great corporate culture.
AppDynamics,,#58,"https://www.glassdoor.sg/Overview/Working-at-AppDynamics-EI_IE319551.11,22.htm",4.3,https://www.glassdoor.sg/Reviews/AppDynamics-Reviews-E319551.htm, See Reviews,https://www.glassdoor.sg/Jobs/AppDynamics-Jobs-E319551.htm, View Jobs,https://www.glassdoor.sg/Reviews/Employee-Review-AppDynamics-RVW21437460.htm," Culture & Perks: All the snacks you could ever dream of, weekly massages, company events- this place truly makes you feel valued as..."
T-Mobile,,#59,"https://www.glassdoor.sg/Overview/Working-at-T-Mobile-EI_IE9302.11,19.htm",4.3,https://www.glassdoor.sg/Reviews/T-Mobile-Reviews-E9302.htm, See Reviews,https://www.glassdoor.sg/Jobs/T-Mobile-Jobs-E9302.htm, View Jobs,https://www.glassdoor.sg/Reviews/Employee-Review-T-Mobile-USA-Inc-RVW21120257.htm," With great benefits and generous PTO, you'll rarely find a better and more complete package."
Rose International,,#60,"https://www.glassdoor.sg/Overview/Working-at-Rose-International-EI_IE14574.11,29.htm",4.3,https://www.glassdoor.sg/Reviews/Rose-International-Reviews-E14574.htm, See Reviews,https://www.glassdoor.sg/Jobs/Rose-International-Jobs-E14574.htm, View Jobs,https://www.glassdoor.sg/Reviews/Employee-Review-Rose-International-Inc-RVW19318749.htm," We have some of the friendliest and helpful staff. There are chances to get promoted, senior management is helpful and kind when you..."
Hilti North America,,#61,"https://www.glassdoor.sg/Overview/Working-at-Hilti-North-America-EI_IE18516.11,30.htm",4.3,https://www.glassdoor.sg/Reviews/Hilti-North-America-Reviews-E18516.htm, See Reviews,https://www.glassdoor.sg/Jobs/Hilti-North-America-Jobs-E18516.htm, View Jobs,https://www.glassdoor.sg/Reviews/Employee-Review-Hilti-Inc-RVW21195080.htm," The culture, the caring, the work, the people, and the meaning of what you do, are all worth investing your time working here."
Paycom,,#62,"https://www.glassdoor.sg/Overview/Working-at-Paycom-EI_IE136736.11,17.htm",4.3,https://www.glassdoor.sg/Reviews/Paycom-Reviews-E136736.htm, See Reviews,https://www.glassdoor.sg/Jobs/Paycom-Jobs-E136736.htm, View Jobs,https://www.glassdoor.sg/Reviews/Employee-Review-Paycom-Payroll-LLC-RVW22110654.htm, I love that my voice is heard. This is the first job that I have ever had where I feel like my input is valued.
John Deere,,#63,"https://www.glassdoor.sg/Overview/Working-at-John-Deere-EI_IE195.11,21.htm",4.3,https://www.glassdoor.sg/Reviews/John-Deere-Reviews-E195.htm, See Reviews,https://www.glassdoor.sg/Jobs/John-Deere-Jobs-E195.htm, View Jobs,https://www.glassdoor.sg/Reviews/Employee-Review-Deere-and-Company-RVW19816401.htm," Challenging and rewarding job. Flexible hours, laid back manager. Get to be involved with many projects and processes. You get the..."
NewYork-Presbyterian Hospital,,#64,"https://www.glassdoor.sg/Overview/Working-at-NewYork-Presbyterian-Hospital-EI_IE121522.11,40.htm",4.3,https://www.glassdoor.sg/Reviews/NewYork-Presbyterian-Hospital-Reviews-E121522.htm, See Reviews,https://www.glassdoor.sg/Jobs/NewYork-Presbyterian-Hospital-Jobs-E121522.htm, View Jobs,https://www.glassdoor.sg/Reviews/Employee-Review-NewYork-Presbyterian-Hospital-Weill-Cornell-Medical-Center-RVW22303730.htm, They are making strides in work-life balance. They treat their nurses well and try to listen and incorporate feedback.
Oshkosh Corporation,,#65,"https://www.glassdoor.sg/Overview/Working-at-Oshkosh-Corporation-EI_IE1740.11,30.htm",4.3,https://www.glassdoor.sg/Reviews/Oshkosh-Corporation-Reviews-E1740.htm, See Reviews,https://www.glassdoor.sg/Jobs/Oshkosh-Corporation-Jobs-E1740.htm, View Jobs,https://www.glassdoor.sg/Reviews/Employee-Review-Oshkosh-Corporation-RVW22840492.htm," People First culture is truly being nurtured at Oshkosh Corporation. While changing a culture takes time, our Leadership Team models..."
Memorial Sloan Kettering,,#66,"https://www.glassdoor.sg/Overview/Working-at-Memorial-Sloan-Kettering-EI_IE4711.11,35.htm",4.3,https://www.glassdoor.sg/Reviews/Memorial-Sloan-Kettering-Reviews-E4711.htm, See Reviews,https://www.glassdoor.sg/Jobs/Memorial-Sloan-Kettering-Jobs-E4711.htm, View Jobs,https://www.glassdoor.sg/Reviews/Employee-Review-Memorial-Sloan-Kettering-Cancer-Center-MSKCC-RVW21363821.htm, MSK is really supportive of their employees with a generous tuition benefit to further your education.
VIPKid,,#67,"https://www.glassdoor.sg/Overview/Working-at-VIPKid-EI_IE1105111.11,17.htm",4.3,https://www.glassdoor.sg/Reviews/VIPKid-Reviews-E1105111.htm, See Reviews,https://www.glassdoor.sg/Jobs/VIPKid-Jobs-E1105111.htm, View Jobs,https://www.glassdoor.sg/Reviews/Employee-Review-Future-Technology-Co-Ltd-RVW18506742.htm," VIPKID offers flexible scheduling, wonderful students, company support and minimal outside preparation."
MD Anderson Cancer Center,,#68,"https://www.glassdoor.sg/Overview/Working-at-MD-Anderson-Cancer-Center-EI_IE19300.11,36.htm",4.3,https://www.glassdoor.sg/Reviews/MD-Anderson-Cancer-Center-Reviews-E19300.htm, See Reviews,https://www.glassdoor.sg/Jobs/MD-Anderson-Cancer-Center-Jobs-E19300.htm, View Jobs,https://www.glassdoor.sg/Reviews/Employee-Review-The-University-of-Texas-MD-Anderson-Cancer-Center-RVW19786153.htm, They are very understanding and really try to make it an employee friendly environment.
Cisco Systems,,#69,"https://www.glassdoor.sg/Overview/Working-at-Cisco-Systems-EI_IE1425.11,24.htm",4.3,https://www.glassdoor.sg/Reviews/Cisco-Systems-Reviews-E1425.htm, See Reviews,https://www.glassdoor.sg/Jobs/Cisco-Systems-Jobs-E1425.htm, View Jobs,https://www.glassdoor.sg/Reviews/Employee-Review-Cisco-Systems-Inc-RVW22938976.htm," Lots of room for career growth, different job opportunities, and the benefits are great!"
Travelers,,#70,"https://www.glassdoor.sg/Overview/Working-at-Travelers-EI_IE1904.11,20.htm",4.3,https://www.glassdoor.sg/Reviews/Travelers-Reviews-E1904.htm, See Reviews,https://www.glassdoor.sg/Jobs/Travelers-Jobs-E1904.htm, View Jobs,https://www.glassdoor.sg/Reviews/Employee-Review-The-Travelers-Companies-Inc-RVW22004656.htm, Travelers has an extremely collaborative culture and is committed to their employees and policyholders.
Apple,,#71,"https://www.glassdoor.sg/Overview/Working-at-Apple-EI_IE1138.11,16.htm",4.3,https://www.glassdoor.sg/Reviews/Apple-Reviews-E1138.htm, See Reviews,https://www.glassdoor.sg/Jobs/Apple-Jobs-E1138.htm, View Jobs,https://www.glassdoor.sg/Reviews/Employee-Review-Apple-Inc-RVW22962488.htm," Fast-paced, goal-oriented environment that makes personal development and team collaboration incredibly easy to cultivate."
Omni Hotels,,#72,"https://www.glassdoor.sg/Overview/Working-at-Omni-Hotels-EI_IE19022.11,22.htm",4.3,https://www.glassdoor.sg/Reviews/Omni-Hotels-Reviews-E19022.htm, See Reviews,https://www.glassdoor.sg/Jobs/Omni-Hotels-Jobs-E19022.htm, View Jobs,https://www.glassdoor.sg/Reviews/Employee-Review-Omni-Hotels-Corporation-RVW22407414.htm, They care about you as an individual and always striving to make our team better. I love how Omni has a great helping hand in our...
BAYADA Home Health Care,,#73,"https://www.glassdoor.sg/Overview/Working-at-BAYADA-Home-Health-Care-EI_IE153924.11,34.htm",4.3,https://www.glassdoor.sg/Reviews/BAYADA-Home-Health-Care-Reviews-E153924.htm, See Reviews,https://www.glassdoor.sg/Jobs/BAYADA-Home-Health-Care-Jobs-E153924.htm, View Jobs,https://www.glassdoor.sg/Reviews/Employee-Review-BAYADA-Home-Health-Care-RVW22920057.htm," It's a great place to learn aspects to grow in your career, I enjoy the work I do every day."
Aptive Environmental,,#74,"https://www.glassdoor.sg/Overview/Working-at-Aptive-Environmental-EI_IE1314653.11,31.htm",4.3,https://www.glassdoor.sg/Reviews/Aptive-Environmental-Reviews-E1314653.htm, See Reviews,https://www.glassdoor.sg/Jobs/Aptive-Environmental-Jobs-E1314653.htm, View Jobs,https://www.glassdoor.sg/Reviews/Employee-Review-Aptive-Environmental-RVW17222916.htm, Very organized and helpful training from upper management. They really provide the best tools and tips for your own success within the...
Goldman Sachs,,#75,"https://www.glassdoor.sg/Overview/Working-at-Goldman-Sachs-EI_IE2800.11,24.htm",4.3,https://www.glassdoor.sg/Reviews/Goldman-Sachs-Reviews-E2800.htm, See Reviews,https://www.glassdoor.sg/Jobs/Goldman-Sachs-Jobs-E2800.htm, View Jobs,https://www.glassdoor.sg/Reviews/Employee-Review-The-Goldman-Sachs-Group-Inc-RVW18487420.htm, An overall positive uplifting place to work and grow with challenging work and benefits to match.
Kimpton Hotels & Restaurants,,#76,"https://www.glassdoor.sg/Overview/Working-at-Kimpton-Hotels-and-Restaurants-EI_IE9955.11,41.htm",4.3,https://www.glassdoor.sg/Reviews/Kimpton-Hotels-and-Restaurants-Reviews-E9955.htm, See Reviews,https://www.glassdoor.sg/Jobs/Kimpton-Hotels-and-Restaurants-Jobs-E9955.htm, View Jobs,https://www.glassdoor.sg/Reviews/Employee-Review-Kimpton-Hotel-and-Restaurant-Group-LLC-RVW16597692.htm," If you are looking for an organization who has your back, supports you, develops you and trusts your entrepreneurial spirit then this..."
Texas Instruments,,#77,"https://www.glassdoor.sg/Overview/Working-at-Texas-Instruments-EI_IE651.11,28.htm",4.3,https://www.glassdoor.sg/Reviews/Texas-Instruments-Reviews-E651.htm, See Reviews,https://www.glassdoor.sg/Jobs/Texas-Instruments-Jobs-E651.htm, View Jobs,https://www.glassdoor.sg/Reviews/Employee-Review-Texas-Instruments-Incorporated-RVW19248165.htm," Excellent benefits, decent pay. Room to move around and grow if you wish. They do tend to promote from within when openings are..."
Costco Wholesale,,#79,"https://www.glassdoor.sg/Overview/Working-at-Costco-Wholesale-EI_IE2590.11,27.htm",4.2,https://www.glassdoor.sg/Reviews/Costco-Wholesale-Reviews-E2590.htm, See Reviews,https://www.glassdoor.sg/Jobs/Costco-Wholesale-Jobs-E2590.htm, View Jobs,https://www.glassdoor.sg/Reviews/Employee-Review-Costco-Wholesale-Corporation-RVW22893417.htm, A really good company with good work life balance. People are really friendly and supportive.
Deloitte,,#80,"https://www.glassdoor.sg/Overview/Working-at-Deloitte-EI_IE2763.11,19.htm",4.2,https://www.glassdoor.sg/Reviews/Deloitte-Reviews-E2763.htm, See Reviews,https://www.glassdoor.sg/Jobs/Deloitte-Jobs-E2763.htm, View Jobs,https://www.glassdoor.sg/Reviews/Employee-Review-Deloitte-RVW20610474.htm, The firm values your development and provides necessary support for you to grow in the firm.
Discount Tire,,#81,"https://www.glassdoor.sg/Overview/Working-at-Discount-Tire-EI_IE6632.11,24.htm",4.2,https://www.glassdoor.sg/Reviews/Discount-Tire-Reviews-E6632.htm, See Reviews,https://www.glassdoor.sg/Jobs/Discount-Tire-Jobs-E6632.htm, View Jobs,https://www.glassdoor.sg/Reviews/Employee-Review-Discount-Tire-Co-Inc-RVW19600546.htm, Benefits galore and a lot of fun! Pay is ok for the amount of work. Met some of the best people of my life I now consider my family as...
NetApp,,#82,"https://www.glassdoor.sg/Overview/Working-at-NetApp-EI_IE5406.11,17.htm",4.2,https://www.glassdoor.sg/Reviews/NetApp-Reviews-E5406.htm, See Reviews,https://www.glassdoor.sg/Jobs/NetApp-Jobs-E5406.htm, View Jobs,https://www.glassdoor.sg/Reviews/Employee-Review-NetApp-Inc-RVW17279855.htm, Love the Culture at NetApp. Feedback is accepted from any level. Always looking to improve processes and make thing more streamlined.
Phoenix Children's Hospital,,#83,"https://www.glassdoor.sg/Overview/Working-at-Phoenix-Children-s-Hospital-EI_IE27861.11,38.htm",4.2,https://www.glassdoor.sg/Reviews/Phoenix-Children-s-Hospital-Reviews-E27861.htm, See Reviews,https://www.glassdoor.sg/Jobs/Phoenix-Children-s-Hospital-Jobs-E27861.htm, View Jobs,https://www.glassdoor.sg/Reviews/Employee-Review-Phoenix-Children-s-Hospital-Inc-RVW21811913.htm," It's hard to be in a bad mood in this beautiful, kid friendly facility surrounded by people who are also happy to be there."
Massachusetts General Hospital,,#84,"https://www.glassdoor.sg/Overview/Working-at-Massachusetts-General-Hospital-EI_IE20189.11,41.htm",4.2,https://www.glassdoor.sg/Reviews/Massachusetts-General-Hospital-Reviews-E20189.htm, See Reviews,https://www.glassdoor.sg/Jobs/Massachusetts-General-Hospital-Jobs-E20189.htm, View Jobs,https://www.glassdoor.sg/Reviews/Employee-Review-Massachusetts-General-Hospital-RVW22545214.htm," The name demands respect, the job provides independence and creativity, and the research facilities are state of the art."
FedEx Freight,,#85,"https://www.glassdoor.sg/Overview/Working-at-FedEx-Freight-EI_IE15813.11,24.htm",4.2,https://www.glassdoor.sg/Reviews/FedEx-Freight-Reviews-E15813.htm, See Reviews,https://www.glassdoor.sg/Jobs/FedEx-Freight-Jobs-E15813.htm, View Jobs,https://www.glassdoor.sg/Reviews/Employee-Review-FedEx-Freight-Corporation-RVW21751643.htm, FedEx emphasizes safety as well as productivity. You will work in an environment where the work of your hands will speak volumes.
Edward Jones,,#86,"https://www.glassdoor.sg/Overview/Working-at-Edward-Jones-EI_IE3161.11,23.htm",4.2,https://www.glassdoor.sg/Reviews/Edward-Jones-Reviews-E3161.htm, See Reviews,https://www.glassdoor.sg/Jobs/Edward-Jones-Jobs-E3161.htm, View Jobs,https://www.glassdoor.sg/Reviews/Employee-Review-The-Jones-Financial-Companies-L-L-L-P-RVW20223235.htm, Company cares about your growth and offers many ways to develop yourself.
HP Inc.,,#87,"https://www.glassdoor.sg/Overview/Working-at-HP-Inc-EI_IE1093161.11,17.htm",4.2,https://www.glassdoor.sg/Reviews/HP-Inc-Reviews-E1093161.htm, See Reviews,https://www.glassdoor.sg/Jobs/HP-Inc-Jobs-E1093161.htm, View Jobs,https://www.glassdoor.sg/Reviews/Employee-Review-HP-Inc-RVW20083357.htm," If you are confident, perform well and seek out new challenges, HP Inc brings amazing career opportunities."
Accenture,,#88,"https://www.glassdoor.sg/Overview/Working-at-Accenture-EI_IE4138.11,20.htm",4.2,https://www.glassdoor.sg/Reviews/Accenture-Reviews-E4138.htm, See Reviews,https://www.glassdoor.sg/Jobs/Accenture-Jobs-E4138.htm, View Jobs,https://www.glassdoor.sg/Reviews/Employee-Review-Accenture-Ltd-RVW22851265.htm, Wide variety of projects and technologies to expand your skill sets on. It's a huge company so the resources are vast - training...
Texas Health Resources,,#89,"https://www.glassdoor.sg/Overview/Working-at-Texas-Health-Resources-EI_IE7647.11,33.htm",4.2,https://www.glassdoor.sg/Reviews/Texas-Health-Resources-Reviews-E7647.htm, See Reviews,https://www.glassdoor.sg/Jobs/Texas-Health-Resources-Jobs-E7647.htm, View Jobs,https://www.glassdoor.sg/Reviews/Employee-Review-Texas-Health-Resources-Inc-RVW20385167.htm," From housekeeping to President, everyone is treated equal. I've seen doctors helping food services and nurses helping..."
Sport Clips,,#90,"https://www.glassdoor.sg/Overview/Working-at-Sport-Clips-EI_IE18982.11,22.htm",4.2,https://www.glassdoor.sg/Reviews/Sport-Clips-Reviews-E18982.htm, See Reviews,https://www.glassdoor.sg/Jobs/Sport-Clips-Jobs-E18982.htm, View Jobs,https://www.glassdoor.sg/Reviews/Employee-Review-Sport-Clips-Inc-RVW21554309.htm, We always have fun and everyone works hard! I love being around people that help each other out to accomplish goals.
Gensler,,#91,"https://www.glassdoor.sg/Overview/Working-at-Gensler-EI_IE14045.11,18.htm",4.2,https://www.glassdoor.sg/Reviews/Gensler-Reviews-E14045.htm, See Reviews,https://www.glassdoor.sg/Jobs/Gensler-Jobs-E14045.htm, View Jobs,https://www.glassdoor.sg/Reviews/Employee-Review-M-Arthur-Gensler-Jr-and-Associates-Inc-RVW17232871.htm, The firm has strong culture and values and tries to do the right thing. A culture that believes the growth of the firm is all about...
Expedia Group,,#92,"https://www.glassdoor.sg/Overview/Working-at-Expedia-Group-EI_IE9876.11,24.htm",4.2,https://www.glassdoor.sg/Reviews/Expedia-Group-Reviews-E9876.htm, See Reviews,https://www.glassdoor.sg/Jobs/Expedia-Group-Jobs-E9876.htm, View Jobs,https://www.glassdoor.sg/Reviews/Employee-Review-Expedia-Inc-RVW18903385.htm," Good benefits, actually very competitive and fair pay especially with the work life balance."
BOK Financial,,#93,"https://www.glassdoor.sg/Overview/Working-at-BOK-Financial-EI_IE4759.11,24.htm",4.2,https://www.glassdoor.sg/Reviews/BOK-Financial-Reviews-E4759.htm, See Reviews,https://www.glassdoor.sg/Jobs/BOK-Financial-Jobs-E4759.htm, View Jobs,https://www.glassdoor.sg/Reviews/Employee-Review-BOK-Financial-Corporation-RVW22540130.htm, BOK has a strong culture focused on Community and Employee Engagement which they embody year round.
Chevron,,#94,"https://www.glassdoor.sg/Overview/Working-at-Chevron-EI_IE13524.11,18.htm",4.2,https://www.glassdoor.sg/Reviews/Chevron-Reviews-E13524.htm, See Reviews,https://www.glassdoor.sg/Jobs/Chevron-Jobs-E13524.htm, View Jobs,https://www.glassdoor.sg/Reviews/Employee-Review-Chevron-Corporation-RVW21991898.htm," ""Strong management, serious career development, and excellent work life balance."""
EY,,#95,"https://www.glassdoor.sg/Overview/Working-at-EY-EI_IE2784.11,13.htm",4.2,https://www.glassdoor.sg/Reviews/EY-Reviews-E2784.htm, See Reviews,https://www.glassdoor.sg/Jobs/EY-Jobs-E2784.htm, View Jobs,https://www.glassdoor.sg/Reviews/Employee-Review-Ernst-and-Young-Global-Ltd-RVW22591847.htm, Great company to work for as a UX Designer. Lots of opportunities to grow your work experience.
Raising Cane's,,#96,"https://www.glassdoor.sg/Overview/Working-at-Raising-Cane-s-EI_IE134590.11,25.htm",4.2,https://www.glassdoor.sg/Reviews/Raising-Cane-s-Reviews-E134590.htm, See Reviews,https://www.glassdoor.sg/Jobs/Raising-Cane-s-Jobs-E134590.htm, View Jobs,https://www.glassdoor.sg/Reviews/Employee-Review-Raising-Cane-s-Restaurants-L-L-C-RVW21319986.htm," Competitive pay, paid days off for holidays, bonuses every month and gifts throughout the year to show their appreciation for your hard..."
FLIK Hospitality Group,,#97,"https://www.glassdoor.sg/Overview/Working-at-FLIK-Hospitality-Group-EI_IE683103.11,33.htm",4.2,https://www.glassdoor.sg/Reviews/FLIK-Hospitality-Group-Reviews-E683103.htm, See Reviews,https://www.glassdoor.sg/Jobs/FLIK-Hospitality-Group-Jobs-E683103.htm, View Jobs,https://www.glassdoor.sg/Reviews/Employee-Review-FLIK-Hospitality-Group-RVW22703661.htm, Flik is a great company to work for. There are many opportunities to network company wide.
Kaiser Permanente,,#98,"https://www.glassdoor.sg/Overview/Working-at-Kaiser-Permanente-EI_IE19466.11,28.htm",4.2,https://www.glassdoor.sg/Reviews/Kaiser-Permanente-Reviews-E19466.htm, See Reviews,https://www.glassdoor.sg/Jobs/Kaiser-Permanente-Jobs-E19466.htm, View Jobs,https://www.glassdoor.sg/Reviews/Employee-Review-Kaiser-Permanente-RVW22644278.htm, They encourage you to succeed and there is always room for advancement if you choose to climb the ladder.
World Wide Technology,,#99,"https://www.glassdoor.sg/Overview/Working-at-World-Wide-Technology-EI_IE9553.11,32.htm",4.2,https://www.glassdoor.sg/Reviews/World-Wide-Technology-Reviews-E9553.htm, See Reviews,https://www.glassdoor.sg/Jobs/World-Wide-Technology-Jobs-E9553.htm, View Jobs,https://www.glassdoor.sg/Reviews/Employee-Review-World-Wide-Technology-Inc-RVW22309767.htm," Honesty, work ethic, accountability, and teamwork are very important values at WWT."
Morgan Stanley,,#100,"https://www.glassdoor.sg/Overview/Working-at-Morgan-Stanley-EI_IE2282.11,25.htm",4.2,https://www.glassdoor.sg/Reviews/Morgan-Stanley-Reviews-E2282.htm, See Reviews,https://www.glassdoor.sg/Jobs/Morgan-Stanley-Jobs-E2282.htm, View Jobs,https://www.glassdoor.sg/Reviews/Employee-Review-Morgan-Stanley-RVW21031459.htm," Great culture and the people they hire are extremely hard working, intelligent and easy to work with."