﻿Title,Image,h2,sqlogolink_URL,Number,mtxsm_URL,mtxsm,mtxsm_URL1,mtxsm2,subtlelink_URL,subtlelink
Bain & Company,,#1,"https://www.glassdoor.sg/Overview/Working-at-Bain-and-Company-EI_IE3752.11,27.htm",4.6,https://www.glassdoor.sg/Reviews/Bain-and-Company-Reviews-E3752.htm, See Reviews,https://www.glassdoor.sg/Jobs/Bain-and-Company-Jobs-E3752.htm, View Jobs,https://www.glassdoor.sg/Reviews/Employee-Review-Bain-and-Company-Inc-RVW12177603.htm," “Your colleagues are legitimately smart and always interested in helping you progress your career. Pay is generous and grows quickly if you do well. Company culture is unparalleled."""
Facebook,,#2,https://www.glassdoor.sg/facebook,4.5,https://www.glassdoor.sg/Reviews/Facebook-Reviews-E40772.htm, See Reviews,https://www.glassdoor.sg/Jobs/Facebook-Jobs-E40772.htm, View Jobs,https://www.glassdoor.sg/Reviews/Employee-Review-Facebook-Inc-RVW11845467.htm," “From its openness to its diversity, Facebook has truly surpassed all tech companies in terms of culture, perks, and employee..."
Boston Consulting Group,,#3,"https://www.glassdoor.sg/Overview/Working-at-Boston-Consulting-Group-EI_IE3879.11,34.htm",4.4,https://www.glassdoor.sg/Reviews/Boston-Consulting-Group-Reviews-E3879.htm, See Reviews,https://www.glassdoor.sg/Jobs/Boston-Consulting-Group-Jobs-E3879.htm, View Jobs,https://www.glassdoor.sg/Reviews/Employee-Review-The-Boston-Consulting-Group-Inc-RVW9138871.htm," “Great career progression, opportunity to learn, collaborative culture, very smart teams, great benefits.”"
Google,,#4,"https://www.glassdoor.sg/Overview/Working-at-Google-EI_IE9079.11,17.htm",4.4,https://www.glassdoor.sg/Reviews/Google-Reviews-E9079.htm, See Reviews,https://www.glassdoor.sg/Jobs/Google-Jobs-E9079.htm, View Jobs,https://www.glassdoor.sg/Reviews/Employee-Review-Google-Inc-RVW12096000.htm," “Smart people, data-driven decisions and culture, a mission I can feel good about when I go to sleep every night. This is as good as it..."
World Wide Technology,,#5,"https://www.glassdoor.sg/Overview/Working-at-World-Wide-Technology-EI_IE9553.11,32.htm",4.4,https://www.glassdoor.sg/Reviews/World-Wide-Technology-Reviews-E9553.htm, See Reviews,https://www.glassdoor.sg/Jobs/World-Wide-Technology-Jobs-E9553.htm, View Jobs,https://www.glassdoor.sg/Reviews/Employee-Review-World-Wide-Technology-Inc-RVW12463729.htm, “Extremely caring towards their employees as well as their customers. The benefits are amazing. The company thrives on making their...
Fast Enterprises,,#6,"https://www.glassdoor.sg/Overview/Working-at-Fast-Enterprises-EI_IE241404.11,27.htm",4.4,https://www.glassdoor.sg/Reviews/Fast-Enterprises-Reviews-E241404.htm, See Reviews,https://www.glassdoor.sg/Jobs/Fast-Enterprises-Jobs-E241404.htm, View Jobs,https://www.glassdoor.sg/Reviews/Employee-Review-Fast-Enterprises-RVW11105053.htm," “The family atmosphere makes working together as a team satisfying and successful, as well as the out of office adventures and team..."
In-N-Out Burger,,#7,"https://www.glassdoor.sg/Overview/Working-at-In-N-Out-Burger-EI_IE14276.11,26.htm",4.4,https://www.glassdoor.sg/Reviews/In-N-Out-Burger-Reviews-E14276.htm, See Reviews,https://www.glassdoor.sg/Jobs/In-N-Out-Burger-Jobs-E14276.htm, View Jobs,https://www.glassdoor.sg/Reviews/Employee-Review-In-N-Out-Burger-RVW10943268.htm, “Always busy. Time flies. With hard work you move up pretty quickly. Everyone is so nice and friendly. Great positive atmosphere.”
LinkedIn,,#8,"https://www.glassdoor.sg/Overview/Working-at-LinkedIn-EI_IE34865.11,19.htm",4.4,https://www.glassdoor.sg/Reviews/LinkedIn-Reviews-E34865.htm, See Reviews,https://www.glassdoor.sg/Jobs/LinkedIn-Jobs-E34865.htm, View Jobs,https://www.glassdoor.sg/Reviews/Employee-Review-LinkedIn-Corporation-RVW10474540.htm, “They truly invest in the professional development of employees. Very proactive at making sure that you're in a role you want to...
Adobe,,#9,"https://www.glassdoor.sg/Overview/Working-at-Adobe-EI_IE1090.11,16.htm",4.3,https://www.glassdoor.sg/Reviews/Adobe-Reviews-E1090.htm, See Reviews,https://www.glassdoor.sg/Jobs/Adobe-Jobs-E1090.htm, View Jobs,https://www.glassdoor.sg/Reviews/Employee-Review-Adobe-Systems-Incorporated-RVW10473074.htm," “Great company culture, benefits and overall atmosphere to work. People are very open, knowledgeable and potential for advancement is..."
Power Home Remodeling,,#10,"https://www.glassdoor.sg/Overview/Working-at-Power-Home-Remodeling-EI_IE405781.11,32.htm",4.3,https://www.glassdoor.sg/Reviews/Power-Home-Remodeling-Reviews-E405781.htm, See Reviews,https://www.glassdoor.sg/Jobs/Power-Home-Remodeling-Jobs-E405781.htm, View Jobs,https://www.glassdoor.sg/Reviews/Employee-Review-Power-Home-Remodeling-Group-LLC-RVW11573310.htm, “The career growth opportunity is outstanding. Everyone in the office genuinely cares about each other and wants to see you be...
McKinsey & Company,,#11,"https://www.glassdoor.sg/Overview/Working-at-McKinsey-and-Company-EI_IE2893.11,31.htm",4.3,https://www.glassdoor.sg/Reviews/McKinsey-and-Company-Reviews-E2893.htm, See Reviews,https://www.glassdoor.sg/Jobs/McKinsey-and-Company-Jobs-E2893.htm, View Jobs,https://www.glassdoor.sg/Reviews/Employee-Review-McKinsey-and-Company-Inc-RVW9013344.htm," “Smartest people, best projects, truly incredible internal support staff. McKinsey is defined by a set of values, not a book of rules.”"
The Clorox Company,,#12,"https://www.glassdoor.sg/Overview/Working-at-The-Clorox-Company-EI_IE158.11,29.htm",4.3,https://www.glassdoor.sg/Reviews/The-Clorox-Company-Reviews-E158.htm, See Reviews,https://www.glassdoor.sg/Jobs/The-Clorox-Company-Jobs-E158.htm, View Jobs,https://www.glassdoor.sg/Reviews/Employee-Review-The-Clorox-Company-RVW12458543.htm, “Great learn and grow culture with emphasis on work life balance. The people are great and foster a mentoring environment.”
Nestlé Purina U.S.,,#13,"https://www.glassdoor.sg/Overview/Working-at-Nestl%C3%A9-Purina-U-S-EI_IE14081.11,28.htm",4.3,https://www.glassdoor.sg/Reviews/Nestl%C3%A9-Purina-U-S-Reviews-E14081.htm, See Reviews,https://www.glassdoor.sg/Jobs/Nestl%C3%A9-Purina-U-S-Jobs-E14081.htm, View Jobs,https://www.glassdoor.sg/Reviews/Employee-Review-Nestl%C3%A9-Purina-U-S-RVW9285135.htm," “Competitive salaries, encouraged work life balance, professional development, and a great culture that makes ""big"" feel..."
Paylocity,,#14,"https://www.glassdoor.sg/Overview/Working-at-Paylocity-EI_IE29987.11,20.htm",4.3,https://www.glassdoor.sg/Reviews/Paylocity-Reviews-E29987.htm, See Reviews,https://www.glassdoor.sg/Jobs/Paylocity-Jobs-E29987.htm, View Jobs,https://www.glassdoor.sg/Reviews/Employee-Review-Paylocity-Corporation-RVW9798224.htm, “Paylocity values employees and creates a culture that allows employees to be happy and comfortable at work. Paylocity still feels like...
SAP,,#15,https://www.glassdoor.sg/sap,4.3,https://www.glassdoor.sg/Reviews/SAP-Reviews-E10471.htm, See Reviews,https://www.glassdoor.sg/Jobs/SAP-Jobs-E10471.htm, View Jobs,https://www.glassdoor.sg/Reviews/Employee-Review-SAP-Aktiengesellschaft-RVW11957034.htm, “A lot of career growth opportunities and the ability to move into new roles and new groups. A company that truly values its employees...
MathWorks,,#16,"https://www.glassdoor.sg/Overview/Working-at-MathWorks-EI_IE17117.11,20.htm",4.3,https://www.glassdoor.sg/Reviews/MathWorks-Reviews-E17117.htm, See Reviews,https://www.glassdoor.sg/Jobs/MathWorks-Jobs-E17117.htm, View Jobs,https://www.glassdoor.sg/Reviews/Employee-Review-The-MathWorks-Inc-RVW9254249.htm, “Just an amazing place full of smart and passionate people that want to do the right thing. Very positive and constructive culture...
Salesforce,,#17,"https://www.glassdoor.sg/Overview/Working-at-Salesforce-EI_IE11159.11,21.htm",4.3,https://www.glassdoor.sg/Reviews/Salesforce-Reviews-E11159.htm, See Reviews,https://www.glassdoor.sg/Jobs/Salesforce-Jobs-E11159.htm, View Jobs,https://www.glassdoor.sg/Reviews/Employee-Review-Salesforce-RVW12041235.htm," “My coworkers are smart, motivated, and talented. We have fun! And, the culture is not one of the 60-90 hour work weeks. People here..."
Forrester,,#18,"https://www.glassdoor.sg/Overview/Working-at-Forrester-EI_IE6443.11,20.htm",4.3,https://www.glassdoor.sg/Reviews/Forrester-Reviews-E6443.htm, See Reviews,https://www.glassdoor.sg/Jobs/Forrester-Jobs-E6443.htm, View Jobs,https://www.glassdoor.sg/Reviews/Employee-Review-Forrester-Research-Inc-RVW11988919.htm," “You have an opportunity to make a difference, take charge of your own career and aspirations. The culture is one that fosters..."
The Church of Jesus Christ of Latter-day Saints,,#19,"https://www.glassdoor.sg/Overview/Working-at-The-Church-of-Jesus-Christ-of-Latter-day-Saints-EI_IE122747.11,58.htm",4.3,https://www.glassdoor.sg/Reviews/The-Church-of-Jesus-Christ-of-Latter-day-Saints-Reviews-E122747.htm, See Reviews,https://www.glassdoor.sg/Jobs/The-Church-of-Jesus-Christ-of-Latter-day-Saints-Jobs-E122747.htm, View Jobs,https://www.glassdoor.sg/Reviews/Employee-Review-The-Church-of-Jesus-Christ-of-Latter-day-Saints-RVW10753230.htm," “A job where you feel trusted and respected, and where the employer has a high level of loyalty to the employee.”"
Intuit,,#20,"https://www.glassdoor.sg/Overview/Working-at-Intuit-EI_IE2293.11,17.htm",4.3,https://www.glassdoor.sg/Reviews/Intuit-Reviews-E2293.htm, See Reviews,https://www.glassdoor.sg/Jobs/Intuit-Jobs-E2293.htm, View Jobs,https://www.glassdoor.sg/Reviews/Employee-Review-Intuit-Inc-RVW12486338.htm," “Everyone is encouraged to innovate - not just engineers. It's expected, it's supported and we cherish the learnings - good..."
Delta Air Lines,,#21,"https://www.glassdoor.sg/Overview/Working-at-Delta-Air-Lines-EI_IE197.11,26.htm",4.3,https://www.glassdoor.sg/Reviews/Delta-Air-Lines-Reviews-E197.htm, See Reviews,https://www.glassdoor.sg/Jobs/Delta-Air-Lines-Jobs-E197.htm, View Jobs,https://www.glassdoor.sg/Reviews/Employee-Review-Delta-Air-Lines-Inc-RVW11800654.htm," “Challenging, fast-paced industry, and Delta treats employees well. Good compensation and great benefits. Diverse work environment and..."
Memorial Sloan Kettering,,#22,"https://www.glassdoor.sg/Overview/Working-at-Memorial-Sloan-Kettering-EI_IE4711.11,35.htm",4.3,https://www.glassdoor.sg/Reviews/Memorial-Sloan-Kettering-Reviews-E4711.htm, See Reviews,https://www.glassdoor.sg/Jobs/Memorial-Sloan-Kettering-Jobs-E4711.htm, View Jobs,https://www.glassdoor.sg/Reviews/Employee-Review-Memorial-Sloan-Kettering-Cancer-Center-MSKCC-RVW11542264.htm," “Very intelligent, friendly and team-oriented group of people. I love working for MSK. There is a great sense of pride and..."
DocuSign,,#23,"https://www.glassdoor.sg/Overview/Working-at-DocuSign-EI_IE307604.11,19.htm",4.3,https://www.glassdoor.sg/Reviews/DocuSign-Reviews-E307604.htm, See Reviews,https://www.glassdoor.sg/Jobs/DocuSign-Jobs-E307604.htm, View Jobs,https://www.glassdoor.sg/Reviews/Employee-Review-DocuSign-Inc-RVW12077724.htm," “Growing company, amazing people, good work-life balance, and lots of opportunities for career growth and development.”"
SAP Concur,,#24,"https://www.glassdoor.sg/Overview/Working-at-SAP-Concur-EI_IE8763.11,21.htm",4.3,https://www.glassdoor.sg/Reviews/SAP-Concur-Reviews-E8763.htm, See Reviews,https://www.glassdoor.sg/Jobs/SAP-Concur-Jobs-E8763.htm, View Jobs,https://www.glassdoor.sg/Reviews/Employee-Review-Concur-Technologies-Inc-RVW10452518.htm, “Good growth opportunities as a professional. Awesome work life balance. Great people and coworkers.”
Akamai,,#25,"https://www.glassdoor.sg/Overview/Working-at-Akamai-EI_IE9219.11,17.htm",4.3,https://www.glassdoor.sg/Reviews/Akamai-Reviews-E9219.htm, See Reviews,https://www.glassdoor.sg/Jobs/Akamai-Jobs-E9219.htm, View Jobs,https://www.glassdoor.sg/Reviews/Employee-Review-Akamai-Technologies-Inc-RVW10617723.htm, “I have never worked with so many smart and talented individuals who are always willing to help each other out.”
Johnson & Johnson,,#26,"https://www.glassdoor.sg/Overview/Working-at-Johnson-and-Johnson-EI_IE364.11,30.htm",4.3,https://www.glassdoor.sg/Reviews/Johnson-and-Johnson-Reviews-E364.htm, See Reviews,https://www.glassdoor.sg/Jobs/Johnson-and-Johnson-Jobs-E364.htm, View Jobs,https://www.glassdoor.sg/Reviews/Employee-Review-Johnson-and-Johnson-RVW10208964.htm, “This company fosters a great teamwork atmosphere and allows for plenty of growth opportunities. Woking here provides me with a sense...
H E B,,#27,"https://www.glassdoor.sg/Overview/Working-at-H-E-B-EI_IE2824.11,16.htm",4.3,https://www.glassdoor.sg/Reviews/H-E-B-Reviews-E2824.htm, See Reviews,https://www.glassdoor.sg/Jobs/H-E-B-Jobs-E2824.htm, View Jobs,https://www.glassdoor.sg/Reviews/Employee-Review-H-E-Butt-Grocery-Company-RVW8724865.htm," “The culture is fantastic, partners work hard, and everyone seems to understand how their role fits to the success of the company.”"
Southwest Airlines,,#28,"https://www.glassdoor.sg/Overview/Working-at-Southwest-Airlines-EI_IE611.11,29.htm",4.3,https://www.glassdoor.sg/Reviews/Southwest-Airlines-Reviews-E611.htm, See Reviews,https://www.glassdoor.sg/Jobs/Southwest-Airlines-Jobs-E611.htm, View Jobs,https://www.glassdoor.sg/Reviews/Employee-Review-Southwest-Airlines-Co-RVW9734699.htm," “Flight benefits, amazing 401(k) matching, many insurance options, and a great company culture. You can tell they really value their..."
Zillow,,#29,"https://www.glassdoor.sg/Overview/Working-at-Zillow-EI_IE40802.11,17.htm",4.2,https://www.glassdoor.sg/Reviews/Zillow-Reviews-E40802.htm, See Reviews,https://www.glassdoor.sg/Jobs/Zillow-Jobs-E40802.htm, View Jobs,https://www.glassdoor.sg/Reviews/Employee-Review-Zillow-Inc-RVW8944788.htm," “Innovative, fast moving, fast growing company with great people who love to come to work every day.”"
NVIDIA,,#30,"https://www.glassdoor.sg/Overview/Working-at-NVIDIA-EI_IE7633.11,17.htm",4.2,https://www.glassdoor.sg/Reviews/NVIDIA-Reviews-E7633.htm, See Reviews,https://www.glassdoor.sg/Jobs/NVIDIA-Jobs-E7633.htm, View Jobs,https://www.glassdoor.sg/Reviews/Employee-Review-NVIDIA-Corporation-RVW9784512.htm," “This is an exciting, fun, place to work, where coworkers are intelligent, driven, and passionate about what they do.”"
Keller Williams,,#31,"https://www.glassdoor.sg/Overview/Working-at-Keller-Williams-EI_IE114145.11,26.htm",4.2,https://www.glassdoor.sg/Reviews/Keller-Williams-Reviews-E114145.htm, See Reviews,https://www.glassdoor.sg/Jobs/Keller-Williams-Jobs-E114145.htm, View Jobs,https://www.glassdoor.sg/Reviews/Employee-Review-Keller-Williams-Realty-Inc-RVW11839142.htm, “Support from leadership. Great training. Lovely people and very friendly office. Great meetings and learning opportunities.”
Genentech,,#32,"https://www.glassdoor.sg/Overview/Working-at-Genentech-EI_IE274.11,20.htm",4.2,https://www.glassdoor.sg/Reviews/Genentech-Reviews-E274.htm, See Reviews,https://www.glassdoor.sg/Jobs/Genentech-Jobs-E274.htm, View Jobs,https://www.glassdoor.sg/Reviews/Employee-Review-Genentech-Inc-RVW11871078.htm," “Great benefits (including long maternity leave), good team environment, flexibility with schedule, people are really passionate..."
Trader Joe's,,#33,"https://www.glassdoor.sg/Overview/Working-at-Trader-Joe-s-EI_IE5631.11,23.htm",4.2,https://www.glassdoor.sg/Reviews/Trader-Joe-s-Reviews-E5631.htm, See Reviews,https://www.glassdoor.sg/Jobs/Trader-Joe-s-Jobs-E5631.htm, View Jobs,https://www.glassdoor.sg/Reviews/Employee-Review-Trader-Joe-s-Company-RVW10732711.htm," “Coworkers treat each other like family. Exceptional customer service standards, amazing management & company allows people to..."
Costco Wholesale,,#34,"https://www.glassdoor.sg/Overview/Working-at-Costco-Wholesale-EI_IE2590.11,27.htm",4.2,https://www.glassdoor.sg/Reviews/Costco-Wholesale-Reviews-E2590.htm, See Reviews,https://www.glassdoor.sg/Jobs/Costco-Wholesale-Jobs-E2590.htm, View Jobs,https://www.glassdoor.sg/Reviews/Employee-Review-Costco-Wholesale-Corporation-RVW11951684.htm, “People matter here. The culture is casual and job security is strong. Many managers and areas take employee development to heart.”
Airbnb,,#35,"https://www.glassdoor.sg/Overview/Working-at-Airbnb-EI_IE391850.11,17.htm",4.2,https://www.glassdoor.sg/Reviews/Airbnb-Reviews-E391850.htm, See Reviews,https://www.glassdoor.sg/Jobs/Airbnb-Jobs-E391850.htm, View Jobs,https://www.glassdoor.sg/Reviews/Employee-Review-AirBnb-Inc-RVW11393810.htm," “Everyone is genuinely smart, enthusiastic, and friendly. The employees deeply care about the company mission and the well-being of the..."
Apple,,#36,"https://www.glassdoor.sg/Overview/Working-at-Apple-EI_IE1138.11,16.htm",4.2,https://www.glassdoor.sg/Reviews/Apple-Reviews-E1138.htm, See Reviews,https://www.glassdoor.sg/Jobs/Apple-Jobs-E1138.htm, View Jobs,https://www.glassdoor.sg/Reviews/Employee-Review-Apple-Inc-RVW12270610.htm," “Great pay and bonuses. Excellent healthcare benefits and work environment. Every individual is responsible for his/her work, when at..."
Microsoft,,#37,"https://www.glassdoor.sg/Overview/Working-at-Microsoft-EI_IE1651.11,20.htm",4.2,https://www.glassdoor.sg/Reviews/Microsoft-Reviews-E1651.htm, See Reviews,https://www.glassdoor.sg/Jobs/Microsoft-Jobs-E1651.htm, View Jobs,https://www.glassdoor.sg/Reviews/Employee-Review-Microsoft-Corporation-RVW12281784.htm," “Competitive salary, good community involvement, strong global presence, great products, cares about employees.”"
lululemon,,#38,"https://www.glassdoor.sg/Overview/Working-at-lululemon-EI_IE42589.11,20.htm",4.2,https://www.glassdoor.sg/Reviews/lululemon-Reviews-E42589.htm, See Reviews,https://www.glassdoor.sg/Jobs/lululemon-Jobs-E42589.htm, View Jobs,https://www.glassdoor.sg/Reviews/Employee-Review-lululemon-athletica-inc-RVW9229658.htm, “Great company and corporate culture. Lots of perks like free workouts at surrounding gyms and studios.”
FedEx Freight,,#39,"https://www.glassdoor.sg/Overview/Working-at-FedEx-Freight-EI_IE15813.11,24.htm",4.2,https://www.glassdoor.sg/Reviews/FedEx-Freight-Reviews-E15813.htm, See Reviews,https://www.glassdoor.sg/Jobs/FedEx-Freight-Jobs-E15813.htm, View Jobs,https://www.glassdoor.sg/Reviews/Employee-Review-FedEx-Freight-Corporation-RVW8707883.htm," “Good salary, excellent benefits, great equipment, and the best management.”"
SpaceX,,#40,"https://www.glassdoor.sg/Overview/Working-at-SpaceX-EI_IE40371.11,17.htm",4.2,https://www.glassdoor.sg/Reviews/SpaceX-Reviews-E40371.htm, See Reviews,https://www.glassdoor.sg/Jobs/SpaceX-Jobs-E40371.htm, View Jobs,https://www.glassdoor.sg/Reviews/Employee-Review-Space-Exploration-Technologies-Corporation-RVW12463482.htm," “Awesome coworkers. Exciting, fast paced projects. Meaningful and fulfilling work. Good pay and stock options.”"
BASF,,#41,"https://www.glassdoor.sg/Overview/Working-at-BASF-EI_IE4231.11,15.htm",4.2,https://www.glassdoor.sg/Reviews/BASF-Reviews-E4231.htm, See Reviews,https://www.glassdoor.sg/Jobs/BASF-Jobs-E4231.htm, View Jobs,https://www.glassdoor.sg/Reviews/Employee-Review-BASF-Group-RVW11969448.htm," “Values its employees well-being, great benefits, market place discounts, global presence allows for more opportunities to grow your..."
Texas Instruments,,#42,"https://www.glassdoor.sg/Overview/Working-at-Texas-Instruments-EI_IE651.11,28.htm",4.2,https://www.glassdoor.sg/Reviews/Texas-Instruments-Reviews-E651.htm, See Reviews,https://www.glassdoor.sg/Jobs/Texas-Instruments-Jobs-E651.htm, View Jobs,https://www.glassdoor.sg/Reviews/Employee-Review-Texas-Instruments-Incorporated-RVW10399714.htm, “The culture at TI is awesome. The environment is laid back and the people you get to work with are always willing to help out when...
Raising Cane's,,#43,"https://www.glassdoor.sg/Overview/Working-at-Raising-Cane-s-EI_IE134590.11,25.htm",4.2,https://www.glassdoor.sg/Reviews/Raising-Cane-s-Reviews-E134590.htm, See Reviews,https://www.glassdoor.sg/Jobs/Raising-Cane-s-Jobs-E134590.htm, View Jobs,https://www.glassdoor.sg/Reviews/Employee-Review-Raising-Cane-s-Restaurants-L-L-C-RVW9329102.htm, “Many opportunities to move up. Awesome management. Good pay and vacations.”
Mayo Clinic,,#44,"https://www.glassdoor.sg/Overview/Working-at-Mayo-Clinic-EI_IE19884.11,22.htm",4.2,https://www.glassdoor.sg/Reviews/Mayo-Clinic-Reviews-E19884.htm, See Reviews,https://www.glassdoor.sg/Jobs/Mayo-Clinic-Jobs-E19884.htm, View Jobs,https://www.glassdoor.sg/Reviews/Employee-Review-Mayo-Foundation-RVW9053091.htm, “The company offers excellent benefits. It provides a variety of departments which allows employees the flexibility to move around the...
IKEA,,#45,"https://www.glassdoor.sg/Overview/Working-at-IKEA-EI_IE3957.11,15.htm",4.2,https://www.glassdoor.sg/Reviews/IKEA-Reviews-E3957.htm, See Reviews,https://www.glassdoor.sg/Jobs/IKEA-Jobs-E3957.htm, View Jobs,https://www.glassdoor.sg/Reviews/Employee-Review-Inter-IKEA-Systems-B-V-RVW9495053.htm," “Flexible, very friendly environment with coworkers. Great benefits including health/education assistance, and holiday/social..."
Aegis Living,,#46,"https://www.glassdoor.sg/Overview/Working-at-Aegis-Living-EI_IE199051.11,23.htm",4.2,https://www.glassdoor.sg/Reviews/Aegis-Living-Reviews-E199051.htm, See Reviews,https://www.glassdoor.sg/Jobs/Aegis-Living-Jobs-E199051.htm, View Jobs,https://www.glassdoor.sg/Reviews/Employee-Review-Aegis-Living-RVW9733514.htm," “Management truly cares about our employees, and when our employees are supported, loved, and fulfilled, they can provide heartfelt..."
E. & J. Gallo Winery,,#47,"https://www.glassdoor.sg/Overview/Working-at-E-and-J-Gallo-Winery-EI_IE2778.11,31.htm",4.2,https://www.glassdoor.sg/Reviews/E-and-J-Gallo-Winery-Reviews-E2778.htm, See Reviews,https://www.glassdoor.sg/Jobs/E-and-J-Gallo-Winery-Jobs-E2778.htm, View Jobs,https://www.glassdoor.sg/Reviews/Employee-Review-E-and-J-Gallo-Winery-RVW10837548.htm," “Fantastic people, fascinating industry, fast-paced, high level of employee engagement. As an employee, you're able to have a..."
QuikTrip,,#48,"https://www.glassdoor.sg/Overview/Working-at-QuikTrip-EI_IE2947.11,19.htm",4.2,https://www.glassdoor.sg/Reviews/QuikTrip-Reviews-E2947.htm, See Reviews,https://www.glassdoor.sg/Jobs/QuikTrip-Jobs-E2947.htm, View Jobs,https://www.glassdoor.sg/Reviews/Employee-Review-QuikTrip-Corporation-RVW12349810.htm," “Full benefits, excellent full time weekly hours, set schedule, focused on employee growth and wellbeing. Charity & donation..."
Gensler,,#49,"https://www.glassdoor.sg/Overview/Working-at-Gensler-EI_IE14045.11,18.htm",4.2,https://www.glassdoor.sg/Reviews/Gensler-Reviews-E14045.htm, See Reviews,https://www.glassdoor.sg/Jobs/Gensler-Jobs-E14045.htm, View Jobs,https://www.glassdoor.sg/Reviews/Employee-Review-M-Arthur-Gensler-Jr-and-Associates-Inc-RVW8880291.htm, “Fast-paced atmosphere with wonderful people who are eager to help teach younger staff. The benefits are great and you have access to a...
Wegmans Food Markets,,#50,"https://www.glassdoor.sg/Overview/Working-at-Wegmans-Food-Markets-EI_IE3042.11,31.htm",4.2,https://www.glassdoor.sg/Reviews/Wegmans-Food-Markets-Reviews-E3042.htm, See Reviews,https://www.glassdoor.sg/Jobs/Wegmans-Food-Markets-Jobs-E3042.htm, View Jobs,https://www.glassdoor.sg/Reviews/Employee-Review-Wegmans-Food-Markets-Inc-RVW11402330.htm, “Great employer that looks out for employees. Great benefits. Great pay. Easy to move up and advance.”