﻿Title,Date,View_URL,View,View1,middle,Author,colsm4,colsm42,colsm43,maintext,View4,View5,View6,View7,socialshareicon,socialshareicon_URL,socialshareicon8,socialshareicon_URL9,socialshareicon10,socialshareicon_URL11,socialshareicon12,Content
Former Employee - Consultant,"August 24, 2020",https://www.glassdoor.sg/Reviews/Employee-Review-Boston-Consulting-Group-RVW35246576.htm,"""Challenging but interesting""",5.0,in Singapore,Singapore,,,,I worked at Boston Consulting Group full-time,Pros,"Very fast-paced environment, agile people working with",Cons,"Workload is normally high, so you have to be very acumen",Share on Facebook,https://twitter.com/share?url=undefined/Reviews/Employee-Review-Boston-Consulting-Group-RVW35246576.htm&text=Boston%20Consulting%20Group+review+on+%23Glassdoor%3A+%22Challenging%20but%20interesting%22,Share on Twitter,mailto:?Subject=Boston%20Consulting%20Group%20review%20on%20Glassdoor&body=Read%20this%20review%20of%20Boston%20Consulting%20Group%20on%20Glassdoor.%20%22Challenging%20but%20interesting%22%C2%A0undefined/Reviews/Employee-Review-Boston-Consulting-Group-RVW35246576.htm,Share via Email,https://www.glassdoor.sg/Reviews/undefined/Reviews/Employee-Review-Boston-Consulting-Group-RVW35246576.htm,Copy Link,Flag as Inappropriate
Current Employee - Director,"August 24, 2020",https://www.glassdoor.sg/Reviews/Employee-Review-Boston-Consulting-Group-RVW35210674.htm,"""Great company to work for.""",5.0,in Singapore,Singapore,,,,I have been working at Boston Consulting Group part-time,Pros,Think tank and very insightful and innovative team to work with.,Cons,Intensive working hours and demanding work scope.,Share on Facebook,https://twitter.com/share?url=undefined/Reviews/Employee-Review-Boston-Consulting-Group-RVW35210674.htm&text=Boston%20Consulting%20Group+review+on+%23Glassdoor%3A+%22Great%20company%20to%20work%20for.%22,Share on Twitter,mailto:?Subject=Boston%20Consulting%20Group%20review%20on%20Glassdoor&body=Read%20this%20review%20of%20Boston%20Consulting%20Group%20on%20Glassdoor.%20%22Great%20company%20to%20work%20for.%22%C2%A0undefined/Reviews/Employee-Review-Boston-Consulting-Group-RVW35210674.htm,Share via Email,https://www.glassdoor.sg/Reviews/undefined/Reviews/Employee-Review-Boston-Consulting-Group-RVW35210674.htm,Copy Link,Flag as Inappropriate
Current Employee - Knowledge Expert,"July 13, 2020",https://www.glassdoor.sg/Reviews/Employee-Review-Boston-Consulting-Group-RVW34206961.htm,"""Great place to work""",5.0,in Singapore,Singapore,,,,I have been working at Boston Consulting Group full-time for more than 8 years,Pros,"Flexible working, great culture, interesting work",Cons,Some differences in culture across geographical locations,Share on Facebook,https://twitter.com/share?url=undefined/Reviews/Employee-Review-Boston-Consulting-Group-RVW34206961.htm&text=Boston%20Consulting%20Group+review+on+%23Glassdoor%3A+%22Great%20place%20to%20work%22,Share on Twitter,mailto:?Subject=Boston%20Consulting%20Group%20review%20on%20Glassdoor&body=Read%20this%20review%20of%20Boston%20Consulting%20Group%20on%20Glassdoor.%20%22Great%20place%20to%20work%22%C2%A0undefined/Reviews/Employee-Review-Boston-Consulting-Group-RVW34206961.htm,Share via Email,https://www.glassdoor.sg/Reviews/undefined/Reviews/Employee-Review-Boston-Consulting-Group-RVW34206961.htm,Copy Link,Flag as Inappropriate
Current Employee - Project Leader,"June 11, 2020",https://www.glassdoor.sg/Reviews/Employee-Review-Boston-Consulting-Group-RVW33642474.htm,"""Great opportunity to learn""",5.0,in Singapore,Singapore,Recommends,Positive Outlook,Approves of CEO,I have been working at Boston Consulting Group full-time for more than 3 years,Pros,"Merit-based culture, yet collaborative colleagues, willing to share tips and insights",Cons,Could have more international training opportunities,Share on Facebook,https://twitter.com/share?url=undefined/Reviews/Employee-Review-Boston-Consulting-Group-RVW33642474.htm&text=Boston%20Consulting%20Group+review+on+%23Glassdoor%3A+%22Great%20opportunity%20to%20learn%22,Share on Twitter,mailto:?Subject=Boston%20Consulting%20Group%20review%20on%20Glassdoor&body=Read%20this%20review%20of%20Boston%20Consulting%20Group%20on%20Glassdoor.%20%22Great%20opportunity%20to%20learn%22%C2%A0undefined/Reviews/Employee-Review-Boston-Consulting-Group-RVW33642474.htm,Share via Email,https://www.glassdoor.sg/Reviews/undefined/Reviews/Employee-Review-Boston-Consulting-Group-RVW33642474.htm,Copy Link,Flag as Inappropriate
Former Employee - Associate,"June 6, 2020",https://www.glassdoor.sg/Reviews/Employee-Review-Boston-Consulting-Group-RVW33560248.htm,"""Great""",5.0,,,Recommends,Positive Outlook,Approves of CEO,I worked at Boston Consulting Group full-time for more than a year,Pros,Exceptional people in a great environment,Cons,None - overall experience was excellent.,Share on Facebook,https://twitter.com/share?url=undefined/Reviews/Employee-Review-Boston-Consulting-Group-RVW33560248.htm&text=Boston%20Consulting%20Group+review+on+%23Glassdoor%3A+%22Great%22,Share on Twitter,mailto:?Subject=Boston%20Consulting%20Group%20review%20on%20Glassdoor&body=Read%20this%20review%20of%20Boston%20Consulting%20Group%20on%20Glassdoor.%20%22Great%22%C2%A0undefined/Reviews/Employee-Review-Boston-Consulting-Group-RVW33560248.htm,Share via Email,https://www.glassdoor.sg/Reviews/undefined/Reviews/Employee-Review-Boston-Consulting-Group-RVW33560248.htm,Copy Link,Flag as Inappropriate
Current Employee - Project Leader,"May 1, 2020",https://www.glassdoor.sg/Reviews/Employee-Review-Boston-Consulting-Group-RVW32983542.htm,"""Good learning""",4.0,in Singapore,Singapore,Doesn't Recommend,Neutral Outlook,No Opinion of CEO,I have been working at Boston Consulting Group full-time,Pros,"Experience, exposure to clients, training and development",Cons,"Comp is low
Hours and atmosphere 
Travel",Share on Facebook,https://twitter.com/share?url=undefined/Reviews/Employee-Review-Boston-Consulting-Group-RVW32983542.htm&text=Boston%20Consulting%20Group+review+on+%23Glassdoor%3A+%22Good%20learning%22,Share on Twitter,mailto:?Subject=Boston%20Consulting%20Group%20review%20on%20Glassdoor&body=Read%20this%20review%20of%20Boston%20Consulting%20Group%20on%20Glassdoor.%20%22Good%20learning%22%C2%A0undefined/Reviews/Employee-Review-Boston-Consulting-Group-RVW32983542.htm,Share via Email,https://www.glassdoor.sg/Reviews/undefined/Reviews/Employee-Review-Boston-Consulting-Group-RVW32983542.htm,Copy Link,Flag as Inappropriate
Current Employee - Manager,"March 6, 2020",https://www.glassdoor.sg/Reviews/Employee-Review-Boston-Consulting-Group-RVW32251913.htm,"""Manager at BCG""",5.0,in Singapore,Singapore,Recommends,Positive Outlook,Approves of CEO,I have been working at Boston Consulting Group full-time for more than 5 years,Pros,"Great learning, culture and people",Cons,Long hours and lots of travel,Share on Facebook,https://twitter.com/share?url=undefined/Reviews/Employee-Review-Boston-Consulting-Group-RVW32251913.htm&text=Boston%20Consulting%20Group+review+on+%23Glassdoor%3A+%22Manager%20at%20BCG%22,Share on Twitter,mailto:?Subject=Boston%20Consulting%20Group%20review%20on%20Glassdoor&body=Read%20this%20review%20of%20Boston%20Consulting%20Group%20on%20Glassdoor.%20%22Manager%20at%20BCG%22%C2%A0undefined/Reviews/Employee-Review-Boston-Consulting-Group-RVW32251913.htm,Share via Email,https://www.glassdoor.sg/Reviews/undefined/Reviews/Employee-Review-Boston-Consulting-Group-RVW32251913.htm,Copy Link,Flag as Inappropriate
Current Employee - Consultant,"March 15, 2020",https://www.glassdoor.sg/Reviews/Employee-Review-Boston-Consulting-Group-RVW32377673.htm,"""Overall good company to work for""",4.0,"in Singapore River, Central","Singapore River, Central",,,,I have been working at Boston Consulting Group full-time for more than 3 years,Pros,Good compensation and benefits; interesting work and good people to work with,Cons,work life balance can be tough to manage for a long time,Share on Facebook,https://twitter.com/share?url=undefined/Reviews/Employee-Review-Boston-Consulting-Group-RVW32377673.htm&text=Boston%20Consulting%20Group+review+on+%23Glassdoor%3A+%22Overall%20good%20company%20to%20work%20for%22,Share on Twitter,mailto:?Subject=Boston%20Consulting%20Group%20review%20on%20Glassdoor&body=Read%20this%20review%20of%20Boston%20Consulting%20Group%20on%20Glassdoor.%20%22Overall%20good%20company%20to%20work%20for%22%C2%A0undefined/Reviews/Employee-Review-Boston-Consulting-Group-RVW32377673.htm,Share via Email,https://www.glassdoor.sg/Reviews/undefined/Reviews/Employee-Review-Boston-Consulting-Group-RVW32377673.htm,Copy Link,Flag as Inappropriate
Former Employee - Senior Data Scientist,"February 29, 2020",https://www.glassdoor.sg/Reviews/Employee-Review-Boston-Consulting-Group-RVW32139657.htm,"""Good""",4.0,in Singapore,Singapore,,,,I worked at Boston Consulting Group full-time for more than 5 years,Pros,The company is totally people driven,Cons,Late nights usual make things unpredictable,Share on Facebook,https://twitter.com/share?url=undefined/Reviews/Employee-Review-Boston-Consulting-Group-RVW32139657.htm&text=Boston%20Consulting%20Group+review+on+%23Glassdoor%3A+%22Good%22,Share on Twitter,mailto:?Subject=Boston%20Consulting%20Group%20review%20on%20Glassdoor&body=Read%20this%20review%20of%20Boston%20Consulting%20Group%20on%20Glassdoor.%20%22Good%22%C2%A0undefined/Reviews/Employee-Review-Boston-Consulting-Group-RVW32139657.htm,Share via Email,https://www.glassdoor.sg/Reviews/undefined/Reviews/Employee-Review-Boston-Consulting-Group-RVW32139657.htm,Copy Link,Flag as Inappropriate
Current Employee - Anonymous Employee,"December 15, 2019",https://www.glassdoor.sg/Reviews/Employee-Review-Boston-Consulting-Group-RVW30875685.htm,"""Associate Director""",5.0,,,,,,I have been working at Boston Consulting Group full-time,Pros,"Working with very intelligent people 
Strong drive towards high quality output and client satisfaction
Good benefits",Cons,Work life balance can be a challenge,Share on Facebook,https://twitter.com/share?url=undefined/Reviews/Employee-Review-Boston-Consulting-Group-RVW30875685.htm&text=Boston%20Consulting%20Group+review+on+%23Glassdoor%3A+%22Associate%20Director%22,Share on Twitter,mailto:?Subject=Boston%20Consulting%20Group%20review%20on%20Glassdoor&body=Read%20this%20review%20of%20Boston%20Consulting%20Group%20on%20Glassdoor.%20%22Associate%20Director%22%C2%A0undefined/Reviews/Employee-Review-Boston-Consulting-Group-RVW30875685.htm,Share via Email,https://www.glassdoor.sg/Reviews/undefined/Reviews/Employee-Review-Boston-Consulting-Group-RVW30875685.htm,Copy Link,Flag as Inappropriate
Current Employee - Anonymous Employee,"November 24, 2019",https://www.glassdoor.sg/Reviews/Employee-Review-Boston-Consulting-Group-RVW30554994.htm,"""Outstanding firm""",5.0,,,Recommends,Positive Outlook,Approves of CEO,I have been working at Boston Consulting Group full-time,Pros,"Good compensation
Prioritise work life balance
Strong stream of tier 1 clients internationally
Superb working culture, people",Cons,Compensation can be better structured for Top performers,Share on Facebook,https://twitter.com/share?url=undefined/Reviews/Employee-Review-Boston-Consulting-Group-RVW30554994.htm&text=Boston%20Consulting%20Group+review+on+%23Glassdoor%3A+%22Outstanding%20firm%22,Share on Twitter,mailto:?Subject=Boston%20Consulting%20Group%20review%20on%20Glassdoor&body=Read%20this%20review%20of%20Boston%20Consulting%20Group%20on%20Glassdoor.%20%22Outstanding%20firm%22%C2%A0undefined/Reviews/Employee-Review-Boston-Consulting-Group-RVW30554994.htm,Share via Email,https://www.glassdoor.sg/Reviews/undefined/Reviews/Employee-Review-Boston-Consulting-Group-RVW30554994.htm,Copy Link,Flag as Inappropriate
Current Employee - Associate,"November 5, 2019",https://www.glassdoor.sg/Reviews/Employee-Review-Boston-Consulting-Group-RVW30204711.htm,"""Great place to work""",5.0,,,Recommends,Positive Outlook,Approves of CEO,I have been working at Boston Consulting Group full-time,Pros,Great place to work with smart people,Cons,Long hours that are unpredictable,Share on Facebook,https://twitter.com/share?url=undefined/Reviews/Employee-Review-Boston-Consulting-Group-RVW30204711.htm&text=Boston%20Consulting%20Group+review+on+%23Glassdoor%3A+%22Great%20place%20to%20work%22,Share on Twitter,mailto:?Subject=Boston%20Consulting%20Group%20review%20on%20Glassdoor&body=Read%20this%20review%20of%20Boston%20Consulting%20Group%20on%20Glassdoor.%20%22Great%20place%20to%20work%22%C2%A0undefined/Reviews/Employee-Review-Boston-Consulting-Group-RVW30204711.htm,Share via Email,https://www.glassdoor.sg/Reviews/undefined/Reviews/Employee-Review-Boston-Consulting-Group-RVW30204711.htm,Copy Link,Flag as Inappropriate
Current Employee - Anonymous Employee,"October 5, 2019",https://www.glassdoor.sg/Reviews/Employee-Review-Boston-Consulting-Group-RVW29631139.htm,"""approachable""",4.0,,,,,,I have been working at Boston Consulting Group part-time,Pros,"Managers are super helpful and gave really clear and structured guidance. I general I feel BCG invested a lot in talents and everyone, even VPs are approachable.",Cons,"long working hour, need to be always stand by",Share on Facebook,https://twitter.com/share?url=undefined/Reviews/Employee-Review-Boston-Consulting-Group-RVW29631139.htm&text=Boston%20Consulting%20Group+review+on+%23Glassdoor%3A+%22approachable%22,Share on Twitter,mailto:?Subject=Boston%20Consulting%20Group%20review%20on%20Glassdoor&body=Read%20this%20review%20of%20Boston%20Consulting%20Group%20on%20Glassdoor.%20%22approachable%22%C2%A0undefined/Reviews/Employee-Review-Boston-Consulting-Group-RVW29631139.htm,Share via Email,https://www.glassdoor.sg/Reviews/undefined/Reviews/Employee-Review-Boston-Consulting-Group-RVW29631139.htm,Copy Link,Flag as Inappropriate
Current Employee - Analyst,"September 11, 2019",https://www.glassdoor.sg/Reviews/Employee-Review-Boston-Consulting-Group-RVW29157837.htm,"""Grow""",5.0,in Singapore,Singapore,Recommends,Positive Outlook,Approves of CEO,I have been working at Boston Consulting Group full-time for less than a year,Pros,Well paid and good opportunities,Cons,Too much pressure and long work hours,Share on Facebook,https://twitter.com/share?url=undefined/Reviews/Employee-Review-Boston-Consulting-Group-RVW29157837.htm&text=Boston%20Consulting%20Group+review+on+%23Glassdoor%3A+%22Grow%22,Share on Twitter,mailto:?Subject=Boston%20Consulting%20Group%20review%20on%20Glassdoor&body=Read%20this%20review%20of%20Boston%20Consulting%20Group%20on%20Glassdoor.%20%22Grow%22%C2%A0undefined/Reviews/Employee-Review-Boston-Consulting-Group-RVW29157837.htm,Share via Email,https://www.glassdoor.sg/Reviews/undefined/Reviews/Employee-Review-Boston-Consulting-Group-RVW29157837.htm,Copy Link,Flag as Inappropriate
,"September 7, 2019",https://www.glassdoor.sg/Reviews/Employee-Review-Boston-Consulting-Group-RVW29085705.htm,"""Consultant""",4.0,,,Recommends,Positive Outlook,No Opinion of CEO,I have been working at Boston Consulting Group  for more than 3 years,Pros,"Exciting learning, diverse projects, respects personal preferences",Cons,"Long hours, high stress, little time with family",Share on Facebook,https://twitter.com/share?url=undefined/Reviews/Employee-Review-Boston-Consulting-Group-RVW29085705.htm&text=Boston%20Consulting%20Group+review+on+%23Glassdoor%3A+%22Consultant%22,Share on Twitter,mailto:?Subject=Boston%20Consulting%20Group%20review%20on%20Glassdoor&body=Read%20this%20review%20of%20Boston%20Consulting%20Group%20on%20Glassdoor.%20%22Consultant%22%C2%A0undefined/Reviews/Employee-Review-Boston-Consulting-Group-RVW29085705.htm,Share via Email,https://www.glassdoor.sg/Reviews/undefined/Reviews/Employee-Review-Boston-Consulting-Group-RVW29085705.htm,Copy Link,Flag as Inappropriate
Former Employee - Anonymous Employee,"July 4, 2019",https://www.glassdoor.sg/Reviews/Employee-Review-Boston-Consulting-Group-RVW27791887.htm,"""Senior Consultant""",5.0,,,Recommends,Positive Outlook,No Opinion of CEO,I worked at Boston Consulting Group full-time for more than a year,Pros,Smart colleagues and bosses who are ready to help on work related matters,Cons,"Work hours, mentoring on career and navigating organisation",Share on Facebook,https://twitter.com/share?url=undefined/Reviews/Employee-Review-Boston-Consulting-Group-RVW27791887.htm&text=Boston%20Consulting%20Group+review+on+%23Glassdoor%3A+%22Senior%20Consultant%22,Share on Twitter,mailto:?Subject=Boston%20Consulting%20Group%20review%20on%20Glassdoor&body=Read%20this%20review%20of%20Boston%20Consulting%20Group%20on%20Glassdoor.%20%22Senior%20Consultant%22%C2%A0undefined/Reviews/Employee-Review-Boston-Consulting-Group-RVW27791887.htm,Share via Email,https://www.glassdoor.sg/Reviews/undefined/Reviews/Employee-Review-Boston-Consulting-Group-RVW27791887.htm,Copy Link,Flag as Inappropriate
Former Employee - Anonymous Employee,"June 8, 2019",https://www.glassdoor.sg/Reviews/Employee-Review-Boston-Consulting-Group-RVW26544225.htm,"""Analyst""",5.0,,,,,,I worked at Boston Consulting Group full-time,Pros,Brilliant people. Fantastic salary and benefits,Cons,Nobody cares about junior to mid tier folks,Share on Facebook,https://twitter.com/share?url=undefined/Reviews/Employee-Review-Boston-Consulting-Group-RVW26544225.htm&text=Boston%20Consulting%20Group+review+on+%23Glassdoor%3A+%22Analyst%22,Share on Twitter,mailto:?Subject=Boston%20Consulting%20Group%20review%20on%20Glassdoor&body=Read%20this%20review%20of%20Boston%20Consulting%20Group%20on%20Glassdoor.%20%22Analyst%22%C2%A0undefined/Reviews/Employee-Review-Boston-Consulting-Group-RVW26544225.htm,Share via Email,https://www.glassdoor.sg/Reviews/undefined/Reviews/Employee-Review-Boston-Consulting-Group-RVW26544225.htm,Copy Link,Flag as Inappropriate
Former Employee - Anonymous Employee,"May 31, 2019",https://www.glassdoor.sg/Reviews/Employee-Review-Boston-Consulting-Group-RVW26409440.htm,"""Great people""",5.0,,,Recommends,Positive Outlook,No Opinion of CEO,I worked at Boston Consulting Group full-time,Pros,"Exposure, benefits, culture, colleagues, office",Cons,"Working hours, ‘death by powerpoint’",Share on Facebook,https://twitter.com/share?url=undefined/Reviews/Employee-Review-Boston-Consulting-Group-RVW26409440.htm&text=Boston%20Consulting%20Group+review+on+%23Glassdoor%3A+%22Great%20people%22,Share on Twitter,mailto:?Subject=Boston%20Consulting%20Group%20review%20on%20Glassdoor&body=Read%20this%20review%20of%20Boston%20Consulting%20Group%20on%20Glassdoor.%20%22Great%20people%22%C2%A0undefined/Reviews/Employee-Review-Boston-Consulting-Group-RVW26409440.htm,Share via Email,https://www.glassdoor.sg/Reviews/undefined/Reviews/Employee-Review-Boston-Consulting-Group-RVW26409440.htm,Copy Link,Flag as Inappropriate
Current Employee - Anonymous Employee,"May 13, 2019",https://www.glassdoor.sg/Reviews/Employee-Review-Boston-Consulting-Group-RVW26123374.htm,"""PTA""",5.0,,,,,,I have been working at Boston Consulting Group part-time,Pros,Very nice working environment，very friendly colleagues，high learning curve,Cons,"Long working hours, hard to have time to relax",Share on Facebook,https://twitter.com/share?url=undefined/Reviews/Employee-Review-Boston-Consulting-Group-RVW26123374.htm&text=Boston%20Consulting%20Group+review+on+%23Glassdoor%3A+%22PTA%22,Share on Twitter,mailto:?Subject=Boston%20Consulting%20Group%20review%20on%20Glassdoor&body=Read%20this%20review%20of%20Boston%20Consulting%20Group%20on%20Glassdoor.%20%22PTA%22%C2%A0undefined/Reviews/Employee-Review-Boston-Consulting-Group-RVW26123374.htm,Share via Email,https://www.glassdoor.sg/Reviews/undefined/Reviews/Employee-Review-Boston-Consulting-Group-RVW26123374.htm,Copy Link,Flag as Inappropriate
,"September 7, 2019",https://www.glassdoor.sg/Reviews/Employee-Review-Boston-Consulting-Group-RVW29085705.htm,"""Consultant""",4.0,,,Recommends,Positive Outlook,Approves of CEO,I worked at Boston Consulting Group full-time for more than 5 years,Pros,"1. Quality of work
2. Monetary pay off - steep increase at Partner level
3. Brilliant, yet grounded colleagues",Cons,"Not much really! Perhaps long hours, but if you enjoy the intellectual challenge and the people around you, it isn't a bother",Share on Facebook,"https://twitter.com/share?url=undefined/Reviews/Employee-Review-Boston-Consulting-Group-RVW23235599.htm&text=Boston%20Consulting%20Group+review+on+%23Glassdoor%3A+%22Stimulating%20work.%20High%20caliber,%20yet%20down-to-earth%20colleagues%22",Share on Twitter,"mailto:?Subject=Boston%20Consulting%20Group%20review%20on%20Glassdoor&body=Read%20this%20review%20of%20Boston%20Consulting%20Group%20on%20Glassdoor.%20%22Stimulating%20work.%20High%20caliber,%20yet%20down-to-earth%20colleagues%22%C2%A0undefined/Reviews/Employee-Review-Boston-Consulting-Group-RVW23235599.htm",Share via Email,https://www.glassdoor.sg/Reviews/undefined/Reviews/Employee-Review-Boston-Consulting-Group-RVW23235599.htm,Copy Link,Flag as Inappropriate
Current Employee - Anonymous Employee,"October 29, 2018",https://www.glassdoor.sg/Reviews/Employee-Review-Boston-Consulting-Group-RVW23168037.htm,"""Phenomenal growth and development opportunities""",5.0,,,,,,I have been working at Boston Consulting Group full-time,Pros,Flat reporting structure; diversity in case work,Cons,High expectations; changing nature of management consulting work,Share on Facebook,https://twitter.com/share?url=undefined/Reviews/Employee-Review-Boston-Consulting-Group-RVW23168037.htm&text=Boston%20Consulting%20Group+review+on+%23Glassdoor%3A+%22Phenomenal%20growth%20and%20development%20opportunities%22,Share on Twitter,mailto:?Subject=Boston%20Consulting%20Group%20review%20on%20Glassdoor&body=Read%20this%20review%20of%20Boston%20Consulting%20Group%20on%20Glassdoor.%20%22Phenomenal%20growth%20and%20development%20opportunities%22%C2%A0undefined/Reviews/Employee-Review-Boston-Consulting-Group-RVW23168037.htm,Share via Email,https://www.glassdoor.sg/Reviews/undefined/Reviews/Employee-Review-Boston-Consulting-Group-RVW23168037.htm,Copy Link,Flag as Inappropriate
Current Employee - Anonymous Employee,"October 1, 2018",https://www.glassdoor.sg/Reviews/Employee-Review-Boston-Consulting-Group-RVW22735723.htm,"""Consultant""",5.0,,,,,,I have been working at Boston Consulting Group full-time,Pros,"Good learning, nice people, interesting work",Cons,"Long hrs., a lot of travel, weekend work",Share on Facebook,https://twitter.com/share?url=undefined/Reviews/Employee-Review-Boston-Consulting-Group-RVW22735723.htm&text=Boston%20Consulting%20Group+review+on+%23Glassdoor%3A+%22Consultant%22,Share on Twitter,mailto:?Subject=Boston%20Consulting%20Group%20review%20on%20Glassdoor&body=Read%20this%20review%20of%20Boston%20Consulting%20Group%20on%20Glassdoor.%20%22Consultant%22%C2%A0undefined/Reviews/Employee-Review-Boston-Consulting-Group-RVW22735723.htm,Share via Email,https://www.glassdoor.sg/Reviews/undefined/Reviews/Employee-Review-Boston-Consulting-Group-RVW22735723.htm,Copy Link,Flag as Inappropriate
Current Employee - Anonymous Employee,"September 17, 2018",https://www.glassdoor.sg/Reviews/Employee-Review-Boston-Consulting-Group-RVW22525924.htm,"""Great company that helps with immigration!""",5.0,,,Recommends,Positive Outlook,No Opinion of CEO,I have been working at Boston Consulting Group full-time,Pros,"- Career development for high achievers
- Training and aid for low achievers to improve (instead of being let go immediately)
- Ease of access to senior leadership",Cons,"- Not completely transparency on the staffing process
- Can be skewed to alma mater bias from senior leadership",Share on Facebook,https://twitter.com/share?url=undefined/Reviews/Employee-Review-Boston-Consulting-Group-RVW22525924.htm&text=Boston%20Consulting%20Group+review+on+%23Glassdoor%3A+%22Great%20company%20that%20helps%20with%20immigration!%22,Share on Twitter,mailto:?Subject=Boston%20Consulting%20Group%20review%20on%20Glassdoor&body=Read%20this%20review%20of%20Boston%20Consulting%20Group%20on%20Glassdoor.%20%22Great%20company%20that%20helps%20with%20immigration!%22%C2%A0undefined/Reviews/Employee-Review-Boston-Consulting-Group-RVW22525924.htm,Share via Email,https://www.glassdoor.sg/Reviews/undefined/Reviews/Employee-Review-Boston-Consulting-Group-RVW22525924.htm,Copy Link,Flag as Inappropriate
Current Employee - Anonymous Employee,"September 5, 2018",https://www.glassdoor.sg/Reviews/Employee-Review-Boston-Consulting-Group-RVW22336800.htm,"""Continuous learning""",5.0,,,Recommends,Positive Outlook,Approves of CEO,I have been working at Boston Consulting Group full-time for more than 3 years,Pros,"Constant problem solving opportunities
Access to leaders and senior mgmts.",Cons,work life balance can be challenging,Share on Facebook,https://twitter.com/share?url=undefined/Reviews/Employee-Review-Boston-Consulting-Group-RVW22336800.htm&text=Boston%20Consulting%20Group+review+on+%23Glassdoor%3A+%22Continuous%20learning%22,Share on Twitter,mailto:?Subject=Boston%20Consulting%20Group%20review%20on%20Glassdoor&body=Read%20this%20review%20of%20Boston%20Consulting%20Group%20on%20Glassdoor.%20%22Continuous%20learning%22%C2%A0undefined/Reviews/Employee-Review-Boston-Consulting-Group-RVW22336800.htm,Share via Email,https://www.glassdoor.sg/Reviews/undefined/Reviews/Employee-Review-Boston-Consulting-Group-RVW22336800.htm,Copy Link,Flag as Inappropriate
Former Employee - Anonymous Employee,"April 15, 2019",https://www.glassdoor.sg/Reviews/Employee-Review-Boston-Consulting-Group-RVW25677868.htm,"""pta""",5.0,,,Recommends,Positive Outlook,Approves of CEO,I worked at Boston Consulting Group part-time,Pros,great working experience and environment,Cons,work is hard and time consuming,Share on Facebook,https://twitter.com/share?url=undefined/Reviews/Employee-Review-Boston-Consulting-Group-RVW25677868.htm&text=Boston%20Consulting%20Group+review+on+%23Glassdoor%3A+%22pta%22,Share on Twitter,mailto:?Subject=Boston%20Consulting%20Group%20review%20on%20Glassdoor&body=Read%20this%20review%20of%20Boston%20Consulting%20Group%20on%20Glassdoor.%20%22pta%22%C2%A0undefined/Reviews/Employee-Review-Boston-Consulting-Group-RVW25677868.htm,Share via Email,https://www.glassdoor.sg/Reviews/undefined/Reviews/Employee-Review-Boston-Consulting-Group-RVW25677868.htm,Copy Link,Flag as Inappropriate
Former Employee - Project Leader,"March 3, 2019",https://www.glassdoor.sg/Reviews/Employee-Review-Boston-Consulting-Group-RVW24973761.htm,"""Project Leader""",4.0,in Singapore,Singapore,Recommends,Positive Outlook,Approves of CEO,I worked at Boston Consulting Group full-time for more than 5 years,Pros,"- Great learning opportunity, across industries
- Very collaborative culture - easy to reach out to an ""expert"" across the world
- Clear, transparent and solid career progression
- Best pool of talent to work with all across",Cons,"- Very high travel, hard to balance work-life",Share on Facebook,https://twitter.com/share?url=undefined/Reviews/Employee-Review-Boston-Consulting-Group-RVW24973761.htm&text=Boston%20Consulting%20Group+review+on+%23Glassdoor%3A+%22Project%20Leader%22,Share on Twitter,mailto:?Subject=Boston%20Consulting%20Group%20review%20on%20Glassdoor&body=Read%20this%20review%20of%20Boston%20Consulting%20Group%20on%20Glassdoor.%20%22Project%20Leader%22%C2%A0undefined/Reviews/Employee-Review-Boston-Consulting-Group-RVW24973761.htm,Share via Email,https://www.glassdoor.sg/Reviews/undefined/Reviews/Employee-Review-Boston-Consulting-Group-RVW24973761.htm,Copy Link,Flag as Inappropriate
Former Employee - Anonymous Employee,"December 30, 2018",https://www.glassdoor.sg/Reviews/Employee-Review-Boston-Consulting-Group-RVW24001032.htm,"""Great place to learn and meet like-minded folks""",5.0,,,Recommends,Positive Outlook,,I worked at Boston Consulting Group full-time,Pros,"Friendly culture, flat hierarchy, genuine interest in finding the best solutions, no egos",Cons,you will have to work hard!,Share on Facebook,https://twitter.com/share?url=undefined/Reviews/Employee-Review-Boston-Consulting-Group-RVW24001032.htm&text=Boston%20Consulting%20Group+review+on+%23Glassdoor%3A+%22Great%20place%20to%20learn%20and%20meet%20like-minded%20folks%22,Share on Twitter,mailto:?Subject=Boston%20Consulting%20Group%20review%20on%20Glassdoor&body=Read%20this%20review%20of%20Boston%20Consulting%20Group%20on%20Glassdoor.%20%22Great%20place%20to%20learn%20and%20meet%20like-minded%20folks%22%C2%A0undefined/Reviews/Employee-Review-Boston-Consulting-Group-RVW24001032.htm,Share via Email,https://www.glassdoor.sg/Reviews/undefined/Reviews/Employee-Review-Boston-Consulting-Group-RVW24001032.htm,Copy Link,Flag as Inappropriate
Current Employee - Anonymous Employee,"November 21, 2018",https://www.glassdoor.sg/Reviews/Employee-Review-Boston-Consulting-Group-RVW23521829.htm,"""Unparalleled learning and networks""",5.0,,,Recommends,Positive Outlook,Approves of CEO,I have been working at Boston Consulting Group full-time,Pros,"Always get challenged, with a very large pool of opportunities - locally and globally
Pick up / hone valuable skills to cut through the noise / focus on what matters
Find people that will truly take the time to mentor you

Important to know this may not the right fit if you are not a self-starter / natural tendency is to want others to plan things out for you",Cons,"Growing pains - more demand for cases, than resources. Need better forecasting / more slack",Share on Facebook,https://twitter.com/share?url=undefined/Reviews/Employee-Review-Boston-Consulting-Group-RVW23521829.htm&text=Boston%20Consulting%20Group+review+on+%23Glassdoor%3A+%22Unparalleled%20learning%20and%20networks%22,Share on Twitter,mailto:?Subject=Boston%20Consulting%20Group%20review%20on%20Glassdoor&body=Read%20this%20review%20of%20Boston%20Consulting%20Group%20on%20Glassdoor.%20%22Unparalleled%20learning%20and%20networks%22%C2%A0undefined/Reviews/Employee-Review-Boston-Consulting-Group-RVW23521829.htm,Share via Email,https://www.glassdoor.sg/Reviews/undefined/Reviews/Employee-Review-Boston-Consulting-Group-RVW23521829.htm,Copy Link,Flag as Inappropriate
Former Employee - Principal,"November 2, 2018",https://www.glassdoor.sg/Reviews/Employee-Review-Boston-Consulting-Group-RVW23235599.htm,"""Stimulating work. High caliber, yet down-to-earth colleagues""",5.0,in Singapore,Singapore,Recommends,Positive Outlook,Approves of CEO,I worked at Boston Consulting Group full-time for more than 5 years,Pros,"1. Quality of work
2. Monetary pay off - steep increase at Partner level
3. Brilliant, yet grounded colleagues",Cons,"Not much really! Perhaps long hours, but if you enjoy the intellectual challenge and the people around you, it isn't a bother",Share on Facebook,"https://twitter.com/share?url=undefined/Reviews/Employee-Review-Boston-Consulting-Group-RVW23235599.htm&text=Boston%20Consulting%20Group+review+on+%23Glassdoor%3A+%22Stimulating%20work.%20High%20caliber,%20yet%20down-to-earth%20colleagues%22",Share on Twitter,"mailto:?Subject=Boston%20Consulting%20Group%20review%20on%20Glassdoor&body=Read%20this%20review%20of%20Boston%20Consulting%20Group%20on%20Glassdoor.%20%22Stimulating%20work.%20High%20caliber,%20yet%20down-to-earth%20colleagues%22%C2%A0undefined/Reviews/Employee-Review-Boston-Consulting-Group-RVW23235599.htm",Share via Email,https://www.glassdoor.sg/Reviews/undefined/Reviews/Employee-Review-Boston-Consulting-Group-RVW23235599.htm,Copy Link,Flag as Inappropriate
Former Employee - Anonymous Employee,"August 12, 2018",https://www.glassdoor.sg/Reviews/Employee-Review-Boston-Consulting-Group-RVW21925898.htm,"""Great place""",5.0,,,Recommends,Positive Outlook,No Opinion of CEO,I worked at Boston Consulting Group full-time for more than 3 years,Pros,everything that people said is true,Cons,can be demanding and a lot of travelling,Share on Facebook,https://twitter.com/share?url=undefined/Reviews/Employee-Review-Boston-Consulting-Group-RVW21925898.htm&text=Boston%20Consulting%20Group+review+on+%23Glassdoor%3A+%22Great%20place%22,Share on Twitter,mailto:?Subject=Boston%20Consulting%20Group%20review%20on%20Glassdoor&body=Read%20this%20review%20of%20Boston%20Consulting%20Group%20on%20Glassdoor.%20%22Great%20place%22%C2%A0undefined/Reviews/Employee-Review-Boston-Consulting-Group-RVW21925898.htm,Share via Email,https://www.glassdoor.sg/Reviews/undefined/Reviews/Employee-Review-Boston-Consulting-Group-RVW21925898.htm,Copy Link,Flag as Inappropriate
Current Employee - Anonymous Employee,"June 21, 2018",https://www.glassdoor.sg/Reviews/Employee-Review-Boston-Consulting-Group-RVW21157708.htm,"""Summer Associate""",5.0,,,Recommends,Positive Outlook,Approves of CEO,I have been working at Boston Consulting Group full-time,Pros,"Great learning experience, plenty of perks and a widely supportive team that is dedicated to your growth.",Cons,Can be difficult to maintain visibility of your work life balance,Share on Facebook,https://twitter.com/share?url=undefined/Reviews/Employee-Review-Boston-Consulting-Group-RVW21157708.htm&text=Boston%20Consulting%20Group+review+on+%23Glassdoor%3A+%22Summer%20Associate%22,Share on Twitter,mailto:?Subject=Boston%20Consulting%20Group%20review%20on%20Glassdoor&body=Read%20this%20review%20of%20Boston%20Consulting%20Group%20on%20Glassdoor.%20%22Summer%20Associate%22%C2%A0undefined/Reviews/Employee-Review-Boston-Consulting-Group-RVW21157708.htm,Share via Email,https://www.glassdoor.sg/Reviews/undefined/Reviews/Employee-Review-Boston-Consulting-Group-RVW21157708.htm,Copy Link,Flag as Inappropriate
Former Employee - Anonymous Employee,"March 12, 2018",https://www.glassdoor.sg/Reviews/Employee-Review-Boston-Consulting-Group-RVW19655964.htm,"""Principal""",5.0,,,Recommends,Positive Outlook,Approves of CEO,I worked at Boston Consulting Group full-time for more than 3 years,Pros,"Amazing, smart and humble people; fantastic apprenticeship opportunities; phenomenal network; an opportunity to grow many many lifetimes personally and professionally while creating real impact at clients. Best consulting firm in the world for women - we are making tons of progress and the CEO is directly committed to making it work.",Cons,Incessant travel; limited time to have a full life outside of work,Share on Facebook,https://twitter.com/share?url=undefined/Reviews/Employee-Review-Boston-Consulting-Group-RVW19655964.htm&text=Boston%20Consulting%20Group+review+on+%23Glassdoor%3A+%22Principal%22,Share on Twitter,mailto:?Subject=Boston%20Consulting%20Group%20review%20on%20Glassdoor&body=Read%20this%20review%20of%20Boston%20Consulting%20Group%20on%20Glassdoor.%20%22Principal%22%C2%A0undefined/Reviews/Employee-Review-Boston-Consulting-Group-RVW19655964.htm,Share via Email,https://www.glassdoor.sg/Reviews/undefined/Reviews/Employee-Review-Boston-Consulting-Group-RVW19655964.htm,Copy Link,Flag as Inappropriate
Current Employee - Anonymous Employee,"March 19, 2018",https://www.glassdoor.sg/Reviews/Employee-Review-Boston-Consulting-Group-RVW19769466.htm,"""PTA""",4.0,,,Recommends,Positive Outlook,Approves of CEO,I have been working at Boston Consulting Group part-time,Pros,"Professional colleagues, efficient working environment.",Cons,"Stressful, everything is for the project",Share on Facebook,https://twitter.com/share?url=undefined/Reviews/Employee-Review-Boston-Consulting-Group-RVW19769466.htm&text=Boston%20Consulting%20Group+review+on+%23Glassdoor%3A+%22PTA%22,Share on Twitter,mailto:?Subject=Boston%20Consulting%20Group%20review%20on%20Glassdoor&body=Read%20this%20review%20of%20Boston%20Consulting%20Group%20on%20Glassdoor.%20%22PTA%22%C2%A0undefined/Reviews/Employee-Review-Boston-Consulting-Group-RVW19769466.htm,Share via Email,https://www.glassdoor.sg/Reviews/undefined/Reviews/Employee-Review-Boston-Consulting-Group-RVW19769466.htm,Copy Link,Flag as Inappropriate
Current Employee - Anonymous Employee,"January 23, 2018",https://www.glassdoor.sg/Reviews/Employee-Review-Boston-Consulting-Group-RVW18865862.htm,"""Great new hire experience""",5.0,,,Recommends,Positive Outlook,Approves of CEO,I have been working at Boston Consulting Group full-time,Pros,"Welcoming environment, focus on integration into the firm and team, induction was well organised, everything ready on day one.  One of the best new hire experiences of my career.",Cons,"have not identified any cons yet.  New hire experience equals an information overload, which is normal.",Share on Facebook,https://twitter.com/share?url=undefined/Reviews/Employee-Review-Boston-Consulting-Group-RVW18865862.htm&text=Boston%20Consulting%20Group+review+on+%23Glassdoor%3A+%22Great%20new%20hire%20experience%22,Share on Twitter,mailto:?Subject=Boston%20Consulting%20Group%20review%20on%20Glassdoor&body=Read%20this%20review%20of%20Boston%20Consulting%20Group%20on%20Glassdoor.%20%22Great%20new%20hire%20experience%22%C2%A0undefined/Reviews/Employee-Review-Boston-Consulting-Group-RVW18865862.htm,Share via Email,https://www.glassdoor.sg/Reviews/undefined/Reviews/Employee-Review-Boston-Consulting-Group-RVW18865862.htm,Copy Link,Flag as Inappropriate
Former Employee - Consultant,"November 28, 2017",https://www.glassdoor.sg/Reviews/Employee-Review-Boston-Consulting-Group-RVW18110747.htm,"""Great place to pick-up consulting toolkit and the BCG brand""",5.0,in Singapore,Singapore,Recommends,Positive Outlook,Approves of CEO,I worked at Boston Consulting Group full-time for more than a year,Pros,"Strong quality over quantity culture (pushed to deliver great quality work)
Fast learning curve, opportunity to grow very fast",Cons,Work-life balance if you are stuck to wrong PL / Partner,Share on Facebook,https://twitter.com/share?url=undefined/Reviews/Employee-Review-Boston-Consulting-Group-RVW18110747.htm&text=Boston%20Consulting%20Group+review+on+%23Glassdoor%3A+%22Great%20place%20to%20pick-up%20consulting%20toolkit%20and%20the%20BCG%20brand%22,Share on Twitter,mailto:?Subject=Boston%20Consulting%20Group%20review%20on%20Glassdoor&body=Read%20this%20review%20of%20Boston%20Consulting%20Group%20on%20Glassdoor.%20%22Great%20place%20to%20pick-up%20consulting%20toolkit%20and%20the%20BCG%20brand%22%C2%A0undefined/Reviews/Employee-Review-Boston-Consulting-Group-RVW18110747.htm,Share via Email,https://www.glassdoor.sg/Reviews/undefined/Reviews/Employee-Review-Boston-Consulting-Group-RVW18110747.htm,Copy Link,Flag as Inappropriate
Current Employee - Anonymous Employee,"October 9, 2017",https://www.glassdoor.sg/Reviews/Employee-Review-Boston-Consulting-Group-RVW17242077.htm,"""Great Company""",5.0,,,,,,I have been working at Boston Consulting Group full-time,Pros,The diversity of culture and the work culture is amazing.,Cons,Don't see any disadvantages of working here.,Share on Facebook,https://twitter.com/share?url=undefined/Reviews/Employee-Review-Boston-Consulting-Group-RVW17242077.htm&text=Boston%20Consulting%20Group+review+on+%23Glassdoor%3A+%22Great%20Company%22,Share on Twitter,mailto:?Subject=Boston%20Consulting%20Group%20review%20on%20Glassdoor&body=Read%20this%20review%20of%20Boston%20Consulting%20Group%20on%20Glassdoor.%20%22Great%20Company%22%C2%A0undefined/Reviews/Employee-Review-Boston-Consulting-Group-RVW17242077.htm,Share via Email,https://www.glassdoor.sg/Reviews/undefined/Reviews/Employee-Review-Boston-Consulting-Group-RVW17242077.htm,Copy Link,Flag as Inappropriate
Current Employee - Lead Analyst,"July 31, 2017",https://www.glassdoor.sg/Reviews/Employee-Review-Boston-Consulting-Group-RVW16139415.htm,"""BCG""",4.0,"in Bukit Merah Estate, Central","Bukit Merah Estate, Central",Recommends,Neutral Outlook,Approves of CEO,I have been working at Boston Consulting Group full-time for less than a year,Pros,"Great people, good learning curve, great culture",Cons,"Inadequate training,  uncertainty over work",Share on Facebook,https://twitter.com/share?url=undefined/Reviews/Employee-Review-Boston-Consulting-Group-RVW16139415.htm&text=Boston%20Consulting%20Group+review+on+%23Glassdoor%3A+%22BCG%22,Share on Twitter,mailto:?Subject=Boston%20Consulting%20Group%20review%20on%20Glassdoor&body=Read%20this%20review%20of%20Boston%20Consulting%20Group%20on%20Glassdoor.%20%22BCG%22%C2%A0undefined/Reviews/Employee-Review-Boston-Consulting-Group-RVW16139415.htm,Share via Email,https://www.glassdoor.sg/Reviews/undefined/Reviews/Employee-Review-Boston-Consulting-Group-RVW16139415.htm,Copy Link,Flag as Inappropriate
Former Employee - Anonymous Employee,"April 24, 2017",https://www.glassdoor.sg/Reviews/Employee-Review-Boston-Consulting-Group-RVW14757602.htm,"""Fantastic people""",5.0,,,,,,I worked at Boston Consulting Group full-time,Pros,Very supportive environment and excellent team work,Cons,Not always able to choose clients / industry sectors,Share on Facebook,https://twitter.com/share?url=undefined/Reviews/Employee-Review-Boston-Consulting-Group-RVW14757602.htm&text=Boston%20Consulting%20Group+review+on+%23Glassdoor%3A+%22Fantastic%20people%22,Share on Twitter,mailto:?Subject=Boston%20Consulting%20Group%20review%20on%20Glassdoor&body=Read%20this%20review%20of%20Boston%20Consulting%20Group%20on%20Glassdoor.%20%22Fantastic%20people%22%C2%A0undefined/Reviews/Employee-Review-Boston-Consulting-Group-RVW14757602.htm,Share via Email,https://www.glassdoor.sg/Reviews/undefined/Reviews/Employee-Review-Boston-Consulting-Group-RVW14757602.htm,Copy Link,Flag as Inappropriate
Current Employee - Consultant,"March 10, 2017",https://www.glassdoor.sg/Reviews/Employee-Review-Boston-Consulting-Group-RVW14138704.htm,"""Good place to learn but challenging, too much high-level strategy""",5.0,in Singapore,Singapore,Recommends,Neutral Outlook,No Opinion of CEO,I have been working at Boston Consulting Group full-time for more than a year,Pros,"Good place to learn
Wide variety of projects",Cons,"Long hours
Most of the advice we hand out is quite childish and high level",Share on Facebook,"https://twitter.com/share?url=undefined/Reviews/Employee-Review-Boston-Consulting-Group-RVW14138704.htm&text=Boston%20Consulting%20Group+review+on+%23Glassdoor%3A+%22Good%20place%20to%20learn%20but%20challenging,%20too%20much%20high-level%20strategy%22",Share on Twitter,"mailto:?Subject=Boston%20Consulting%20Group%20review%20on%20Glassdoor&body=Read%20this%20review%20of%20Boston%20Consulting%20Group%20on%20Glassdoor.%20%22Good%20place%20to%20learn%20but%20challenging,%20too%20much%20high-level%20strategy%22%C2%A0undefined/Reviews/Employee-Review-Boston-Consulting-Group-RVW14138704.htm",Share via Email,https://www.glassdoor.sg/Reviews/undefined/Reviews/Employee-Review-Boston-Consulting-Group-RVW14138704.htm,Copy Link,Flag as Inappropriate
,"March 22, 2017",https://www.glassdoor.sg/Reviews/Employee-Review-Boston-Consulting-Group-RVW14308352.htm,"""Great work""",4.0,,,,,,I have been working at Boston Consulting Group ,Pros,"Intense learning curve, talented people, interaction with clients",Cons,"long working hours, sometime pressure,",Share on Facebook,https://twitter.com/share?url=undefined/Reviews/Employee-Review-Boston-Consulting-Group-RVW14308352.htm&text=Boston%20Consulting%20Group+review+on+%23Glassdoor%3A+%22Great%20work%22,Share on Twitter,mailto:?Subject=Boston%20Consulting%20Group%20review%20on%20Glassdoor&body=Read%20this%20review%20of%20Boston%20Consulting%20Group%20on%20Glassdoor.%20%22Great%20work%22%C2%A0undefined/Reviews/Employee-Review-Boston-Consulting-Group-RVW14308352.htm,Share via Email,https://www.glassdoor.sg/Reviews/undefined/Reviews/Employee-Review-Boston-Consulting-Group-RVW14308352.htm,Copy Link,Flag as Inappropriate
Current Employee - Anonymous Employee,"February 26, 2017",https://www.glassdoor.sg/Reviews/Employee-Review-Boston-Consulting-Group-RVW13954922.htm,"""BCG""",4.0,,,Recommends,Positive Outlook,Approves of CEO,I have been working at Boston Consulting Group full-time,Pros,"Learning curve, benefits, colleagues, challenge",Cons,"Work-life balance is difficult, stress",Share on Facebook,https://twitter.com/share?url=undefined/Reviews/Employee-Review-Boston-Consulting-Group-RVW13954922.htm&text=Boston%20Consulting%20Group+review+on+%23Glassdoor%3A+%22BCG%22,Share on Twitter,mailto:?Subject=Boston%20Consulting%20Group%20review%20on%20Glassdoor&body=Read%20this%20review%20of%20Boston%20Consulting%20Group%20on%20Glassdoor.%20%22BCG%22%C2%A0undefined/Reviews/Employee-Review-Boston-Consulting-Group-RVW13954922.htm,Share via Email,https://www.glassdoor.sg/Reviews/undefined/Reviews/Employee-Review-Boston-Consulting-Group-RVW13954922.htm,Copy Link,Flag as Inappropriate
Current Employee - Principal,"February 14, 2017",https://www.glassdoor.sg/Reviews/Employee-Review-Boston-Consulting-Group-RVW13776673.htm,"""Principal""",4.0,in Singapore,Singapore,Recommends,Positive Outlook,No Opinion of CEO,I have been working at Boston Consulting Group full-time for more than 5 years,Pros,"good projects
rapid growth in revenues",Cons,"very poor work life balance
transaction oriented culture with no deep connects within teams",Share on Facebook,https://twitter.com/share?url=undefined/Reviews/Employee-Review-Boston-Consulting-Group-RVW13776673.htm&text=Boston%20Consulting%20Group+review+on+%23Glassdoor%3A+%22Principal%22,Share on Twitter,mailto:?Subject=Boston%20Consulting%20Group%20review%20on%20Glassdoor&body=Read%20this%20review%20of%20Boston%20Consulting%20Group%20on%20Glassdoor.%20%22Principal%22%C2%A0undefined/Reviews/Employee-Review-Boston-Consulting-Group-RVW13776673.htm,Share via Email,https://www.glassdoor.sg/Reviews/undefined/Reviews/Employee-Review-Boston-Consulting-Group-RVW13776673.htm,Copy Link,Flag as Inappropriate
Former Employee - Anonymous Employee,"January 22, 2017",https://www.glassdoor.sg/Reviews/Employee-Review-Boston-Consulting-Group-RVW13434172.htm,"""Excellent place for fresh graduates""",5.0,,,Recommends,Positive Outlook,No Opinion of CEO,I worked at Boston Consulting Group full-time,Pros,Really helped me to broaden my horizon,Cons,Be prepared to sacrifice weekends,Share on Facebook,https://twitter.com/share?url=undefined/Reviews/Employee-Review-Boston-Consulting-Group-RVW13434172.htm&text=Boston%20Consulting%20Group+review+on+%23Glassdoor%3A+%22Excellent%20place%20for%20fresh%20graduates%22,Share on Twitter,mailto:?Subject=Boston%20Consulting%20Group%20review%20on%20Glassdoor&body=Read%20this%20review%20of%20Boston%20Consulting%20Group%20on%20Glassdoor.%20%22Excellent%20place%20for%20fresh%20graduates%22%C2%A0undefined/Reviews/Employee-Review-Boston-Consulting-Group-RVW13434172.htm,Share via Email,https://www.glassdoor.sg/Reviews/undefined/Reviews/Employee-Review-Boston-Consulting-Group-RVW13434172.htm,Copy Link,Flag as Inappropriate
Current Employee - Principal Systems Engineer,"January 23, 2017",https://www.glassdoor.sg/Reviews/Employee-Review-Boston-Consulting-Group-RVW13439111.htm,"""Great company to work for""",5.0,in Singapore,Singapore,Recommends,Positive Outlook,,I have been working at Boston Consulting Group full-time for more than 8 years,Pros,"Great people, amazing learning, always stimulating work, great perks, ability to work for largest and most prestigious clients on their most pressing issues",Cons,"Challenging work life balance, at times can be frustrating to see hard work from teams not being implemented by clients,",Share on Facebook,https://twitter.com/share?url=undefined/Reviews/Employee-Review-Boston-Consulting-Group-RVW13439111.htm&text=Boston%20Consulting%20Group+review+on+%23Glassdoor%3A+%22Great%20company%20to%20work%20for%22,Share on Twitter,mailto:?Subject=Boston%20Consulting%20Group%20review%20on%20Glassdoor&body=Read%20this%20review%20of%20Boston%20Consulting%20Group%20on%20Glassdoor.%20%22Great%20company%20to%20work%20for%22%C2%A0undefined/Reviews/Employee-Review-Boston-Consulting-Group-RVW13439111.htm,Share via Email,https://www.glassdoor.sg/Reviews/undefined/Reviews/Employee-Review-Boston-Consulting-Group-RVW13439111.htm,Copy Link,Flag as Inappropriate
Current Employee - Senior Analyst,"January 20, 2017",https://www.glassdoor.sg/Reviews/Employee-Review-Boston-Consulting-Group-RVW13418374.htm,"""Good stuff""",5.0,in Singapore,Singapore,Recommends,Positive Outlook,,I have been working at Boston Consulting Group full-time for less than a year,Pros,Good place to work in,Cons,Not much. Great people around you.,Share on Facebook,https://twitter.com/share?url=undefined/Reviews/Employee-Review-Boston-Consulting-Group-RVW13418374.htm&text=Boston%20Consulting%20Group+review+on+%23Glassdoor%3A+%22Good%20stuff%22,Share on Twitter,mailto:?Subject=Boston%20Consulting%20Group%20review%20on%20Glassdoor&body=Read%20this%20review%20of%20Boston%20Consulting%20Group%20on%20Glassdoor.%20%22Good%20stuff%22%C2%A0undefined/Reviews/Employee-Review-Boston-Consulting-Group-RVW13418374.htm,Share via Email,https://www.glassdoor.sg/Reviews/undefined/Reviews/Employee-Review-Boston-Consulting-Group-RVW13418374.htm,Copy Link,Flag as Inappropriate
Former Employee - Anonymous Employee,"June 19, 2016",https://www.glassdoor.sg/Reviews/Employee-Review-Boston-Consulting-Group-RVW10972940.htm,"""Bcg""",4.0,,,Recommends,Neutral Outlook,No Opinion of CEO,I worked at Boston Consulting Group full-time,Pros,"Ability to work on different types of projects, with different clients and in diverse sectors. People in BCG are very friendly in every office",Cons,"Lots of Travelling, very Long hours, unpredictable schedules, very difficult to have a personal life outside of work",Share on Facebook,https://twitter.com/share?url=undefined/Reviews/Employee-Review-Boston-Consulting-Group-RVW10972940.htm&text=Boston%20Consulting%20Group+review+on+%23Glassdoor%3A+%22Bcg%22,Share on Twitter,mailto:?Subject=Boston%20Consulting%20Group%20review%20on%20Glassdoor&body=Read%20this%20review%20of%20Boston%20Consulting%20Group%20on%20Glassdoor.%20%22Bcg%22%C2%A0undefined/Reviews/Employee-Review-Boston-Consulting-Group-RVW10972940.htm,Share via Email,https://www.glassdoor.sg/Reviews/undefined/Reviews/Employee-Review-Boston-Consulting-Group-RVW10972940.htm,Copy Link,Flag as Inappropriate
Current Employee - Consultant,"May 28, 2016",https://www.glassdoor.sg/Reviews/Employee-Review-Boston-Consulting-Group-RVW10755419.htm,"""Consultant""",4.0,in Singapore,Singapore,Positive Outlook,,,I have been working at Boston Consulting Group full-time for more than a year,Pros,Challenging work. Smart peers. Accelerated learning. Lot of opportunities for travel. Excellent brand . Opens doors to great jobs. Good on the resume.,Cons,Lots of travel. No work life balance. Uncertain career opportunities. Too much pressure to perform and grow. Ever changing teams. Too much change. Not all bosses are nice.,Share on Facebook,https://twitter.com/share?url=undefined/Reviews/Employee-Review-Boston-Consulting-Group-RVW10755419.htm&text=Boston%20Consulting%20Group+review+on+%23Glassdoor%3A+%22Consultant%22,Share on Twitter,mailto:?Subject=Boston%20Consulting%20Group%20review%20on%20Glassdoor&body=Read%20this%20review%20of%20Boston%20Consulting%20Group%20on%20Glassdoor.%20%22Consultant%22%C2%A0undefined/Reviews/Employee-Review-Boston-Consulting-Group-RVW10755419.htm,Share via Email,https://www.glassdoor.sg/Reviews/undefined/Reviews/Employee-Review-Boston-Consulting-Group-RVW10755419.htm,Copy Link,Flag as Inappropriate
Current Employee - Principal Systems Engineer,"January 23, 2017",https://www.glassdoor.sg/Reviews/Employee-Review-Boston-Consulting-Group-RVW13439111.htm,"""Great company to work for""",5.0,in Singapore,Singapore,Recommends,Neutral Outlook,Approves of CEO,I have been working at Boston Consulting Group full-time,Pros,Great people and unparalleled developmental opportunities. A great place to work and develop as an individual.,Cons,Unpredictability with some practice areas still growing. Variability between assignments can be extreme and,Share on Facebook,"https://twitter.com/share?url=undefined/Reviews/Employee-Review-Boston-Consulting-Group-RVW2404767.htm&text=Boston%20Consulting%20Group+review+on+%23Glassdoor%3A+%22Great%20place%20to%20work,%20but%20salary%20needs%20to%20keep%20up%20with%20inflation%22%22",Share on Twitter,"mailto:?Subject=Boston%20Consulting%20Group%20review%20on%20Glassdoor&body=Read%20this%20review%20of%20Boston%20Consulting%20Group%20on%20Glassdoor.%20%22Great%20place%20to%20work,%20but%20salary%20needs%20to%20keep%20up%20with%20inflation%22%22%C2%A0undefined/Reviews/Employee-Review-Boston-Consulting-Group-RVW2404767.htm",Share via Email,https://www.glassdoor.sg/Reviews/undefined/Reviews/Employee-Review-Boston-Consulting-Group-RVW2404767.htm,Copy Link,Flag as Inappropriate
Current Employee - Project Leader,"October 28, 2012",https://www.glassdoor.sg/Reviews/Employee-Review-Boston-Consulting-Group-RVW2091376.htm,"""Great place to learn, very strong apprenticeship model - have no doubts if this is your first step into the corporate wo""",5.0,in Singapore,Singapore,Recommends,Positive Outlook,Approves of CEO,I have been working at Boston Consulting Group full-time for more than 5 years,Pros,"- Great people
- Lots of exposure
- Travel",Cons,"- Long hours
- Unpredictable schedules
- Lots of uncertainty in the work",Share on Facebook,"https://twitter.com/share?url=undefined/Reviews/Employee-Review-Boston-Consulting-Group-RVW2091376.htm&text=Boston%20Consulting%20Group+review+on+%23Glassdoor%3A+%22Great%20place%20to%20learn,%20very%20strong%20apprenticeship%20model%20-%20have%20no%20doubts%20if%20this%20is%20your%20first%20step%20into%20the%20corporate%20wo%22",Share on Twitter,"mailto:?Subject=Boston%20Consulting%20Group%20review%20on%20Glassdoor&body=Read%20this%20review%20of%20Boston%20Consulting%20Group%20on%20Glassdoor.%20%22Great%20place%20to%20learn,%20very%20strong%20apprenticeship%20model%20-%20have%20no%20doubts%20if%20this%20is%20your%20first%20step%20into%20the%20corporate%20wo%22%C2%A0undefined/Reviews/Employee-Review-Boston-Consulting-Group-RVW2091376.htm",Share via Email,https://www.glassdoor.sg/Reviews/undefined/Reviews/Employee-Review-Boston-Consulting-Group-RVW2091376.htm,Copy Link,Flag as Inappropriate
Former Employee - Principal,"June 18, 2012",https://www.glassdoor.sg/Reviews/Employee-Review-Boston-Consulting-Group-RVW1615405.htm,"""Great Learning Experience""",4.0,in Singapore,Singapore,Recommends,Positive Outlook,Approves of CEO,I worked at Boston Consulting Group full-time for more than a year,Pros,"Great learning experience with various types of work and industries
Exposure to leading companies and senior management",Cons,Extensive working hours and travel,Share on Facebook,https://twitter.com/share?url=undefined/Reviews/Employee-Review-Boston-Consulting-Group-RVW1615405.htm&text=Boston%20Consulting%20Group+review+on+%23Glassdoor%3A+%22Great%20Learning%20Experience%22,Share on Twitter,mailto:?Subject=Boston%20Consulting%20Group%20review%20on%20Glassdoor&body=Read%20this%20review%20of%20Boston%20Consulting%20Group%20on%20Glassdoor.%20%22Great%20Learning%20Experience%22%C2%A0undefined/Reviews/Employee-Review-Boston-Consulting-Group-RVW1615405.htm,Share via Email,https://www.glassdoor.sg/Reviews/undefined/Reviews/Employee-Review-Boston-Consulting-Group-RVW1615405.htm,Copy Link,Flag as Inappropriate
Associate,"March 31, 2012",https://www.glassdoor.sg/Reviews/Employee-Review-Boston-Consulting-Group-RVW1419242.htm,"""The best career experience you can get""",4.0,in Singapore,Singapore,Recommends,Approves of CEO,,I have been working at Boston Consulting Group ,Pros,"Superb exposure and learning opportunity
Great culture
Very flat working teams",Cons,Salary does not match up to competitors,Share on Facebook,https://twitter.com/share?url=undefined/Reviews/Employee-Review-Boston-Consulting-Group-RVW1419242.htm&text=Boston%20Consulting%20Group+review+on+%23Glassdoor%3A+%22The%20best%20career%20experience%20you%20can%20get%22,Share on Twitter,mailto:?Subject=Boston%20Consulting%20Group%20review%20on%20Glassdoor&body=Read%20this%20review%20of%20Boston%20Consulting%20Group%20on%20Glassdoor.%20%22The%20best%20career%20experience%20you%20can%20get%22%C2%A0undefined/Reviews/Employee-Review-Boston-Consulting-Group-RVW1419242.htm,Share via Email,https://www.glassdoor.sg/Reviews/undefined/Reviews/Employee-Review-Boston-Consulting-Group-RVW1419242.htm,Copy Link,Flag as Inappropriate
,"November 25, 2015",https://www.glassdoor.sg/Reviews/Employee-Review-Boston-Consulting-Group-RVW8745059.htm,"""Great leadership""",5.0,,,,,,I have been working at Boston Consulting Group  for more than a year,Pros,"amazing company to work for, great benefits, learning and guidance",Cons,"a lot of support staff in SEA are end career expats who slow things down for other, more dynamic team members",Share on Facebook,https://twitter.com/share?url=undefined/Reviews/Employee-Review-Boston-Consulting-Group-RVW8745059.htm&text=Boston%20Consulting%20Group+review+on+%23Glassdoor%3A+%22Great%20leadership%22,Share on Twitter,mailto:?Subject=Boston%20Consulting%20Group%20review%20on%20Glassdoor&body=Read%20this%20review%20of%20Boston%20Consulting%20Group%20on%20Glassdoor.%20%22Great%20leadership%22%C2%A0undefined/Reviews/Employee-Review-Boston-Consulting-Group-RVW8745059.htm,Share via Email,https://www.glassdoor.sg/Reviews/undefined/Reviews/Employee-Review-Boston-Consulting-Group-RVW8745059.htm,Copy Link,Flag as Inappropriate
,"September 25, 2015",https://www.glassdoor.sg/Reviews/Employee-Review-Boston-Consulting-Group-RVW8077075.htm,"""Fast paced with a heart""",5.0,in Singapore,Singapore,Recommends,Positive Outlook,Approves of CEO,I have been working at Boston Consulting Group ,Pros,"Work with some of the smartest but also humble people
Actively monitors work life balance
Allows people to specialize",Cons,"Sometimes, project scope can get out of control, though not always the fault of the team",Share on Facebook,https://twitter.com/share?url=undefined/Reviews/Employee-Review-Boston-Consulting-Group-RVW8077075.htm&text=Boston%20Consulting%20Group+review+on+%23Glassdoor%3A+%22Fast%20paced%20with%20a%20heart%22,Share on Twitter,mailto:?Subject=Boston%20Consulting%20Group%20review%20on%20Glassdoor&body=Read%20this%20review%20of%20Boston%20Consulting%20Group%20on%20Glassdoor.%20%22Fast%20paced%20with%20a%20heart%22%C2%A0undefined/Reviews/Employee-Review-Boston-Consulting-Group-RVW8077075.htm,Share via Email,https://www.glassdoor.sg/Reviews/undefined/Reviews/Employee-Review-Boston-Consulting-Group-RVW8077075.htm,Copy Link,Flag as Inappropriate
Current Employee - Consultant,"May 23, 2015",https://www.glassdoor.sg/Reviews/Employee-Review-Boston-Consulting-Group-RVW6684639.htm,"""Intense lifestyle but a great platform to build a career on""",4.0,,,Recommends,Positive Outlook,Approves of CEO,I have been working at Boston Consulting Group full-time for more than 3 years,Pros,"The people are the single best thing about working at BCG - bright, driven, but down-to-earth and incredibly collaborative. Culture and principles, rather than rules, govern how things get done at the firm - which in the hands of good people, mean that sensible things generally happen. Lots of flexibility support to chart your own path - you just have to have conviction around your desired goals and be realistic about life's trade-offs.",Cons,"The intensity of the pace can sometimes be draining, as can the travel schedule. Despite best efforts (like the PTO initiative) - this remains a premium client-service business, and the unpredictability and hours reflect that.",Share on Facebook,https://twitter.com/share?url=undefined/Reviews/Employee-Review-Boston-Consulting-Group-RVW6684639.htm&text=Boston%20Consulting%20Group+review+on+%23Glassdoor%3A+%22Intense%20lifestyle%20but%20a%20great%20platform%20to%20build%20a%20career%20on%22,Share on Twitter,mailto:?Subject=Boston%20Consulting%20Group%20review%20on%20Glassdoor&body=Read%20this%20review%20of%20Boston%20Consulting%20Group%20on%20Glassdoor.%20%22Intense%20lifestyle%20but%20a%20great%20platform%20to%20build%20a%20career%20on%22%C2%A0undefined/Reviews/Employee-Review-Boston-Consulting-Group-RVW6684639.htm,Share via Email,https://www.glassdoor.sg/Reviews/undefined/Reviews/Employee-Review-Boston-Consulting-Group-RVW6684639.htm,Copy Link,Flag as Inappropriate
Former Employee - Associate,"March 18, 2015",https://www.glassdoor.sg/Reviews/Employee-Review-Boston-Consulting-Group-RVW6139182.htm,"""Great place to learn, but prepare to be worked to death""",3.0,,,Doesn't Recommend,Neutral Outlook,No Opinion of CEO,I worked at Boston Consulting Group full-time for more than a year,Pros,"Learning environment is unmatched - great colleagues and a rigorous approach to problem solving. You will learn a lot every day, like it or not!",Cons,"Although they advertise great ""Work life balance"" it is a joke. Only better than investment banking. Be prepared to work 60-80+ hours every week and be constantly reporting to managers. If you don't like the job there are 10,000 applicants looking to replace you, so either work like a dog or make room for the next guy who will.",Share on Facebook,"https://twitter.com/share?url=undefined/Reviews/Employee-Review-Boston-Consulting-Group-RVW6139182.htm&text=Boston%20Consulting%20Group+review+on+%23Glassdoor%3A+%22Great%20place%20to%20learn,%20but%20prepare%20to%20be%20worked%20to%20death%22",Share on Twitter,"mailto:?Subject=Boston%20Consulting%20Group%20review%20on%20Glassdoor&body=Read%20this%20review%20of%20Boston%20Consulting%20Group%20on%20Glassdoor.%20%22Great%20place%20to%20learn,%20but%20prepare%20to%20be%20worked%20to%20death%22%C2%A0undefined/Reviews/Employee-Review-Boston-Consulting-Group-RVW6139182.htm",Share via Email,https://www.glassdoor.sg/Reviews/undefined/Reviews/Employee-Review-Boston-Consulting-Group-RVW6139182.htm,Copy Link,Flag as Inappropriate
Current Employee - Consultant,"February 28, 2015",https://www.glassdoor.sg/Reviews/Employee-Review-Boston-Consulting-Group-RVW6019324.htm,"""Don't quite match the sales pitch""",3.0,,,Positive Outlook,,,I have been working at Boston Consulting Group full-time,Pros,"Great resources
Well meaning in terms of looking after staff",Cons,"Long hours -- hype on work-life balance does not match reality
Increasing focus on process-oriented implementation work",Share on Facebook,https://twitter.com/share?url=undefined/Reviews/Employee-Review-Boston-Consulting-Group-RVW6019324.htm&text=Boston%20Consulting%20Group+review+on+%23Glassdoor%3A+%22Don%27t%20quite%20match%20the%20sales%20pitch%22,Share on Twitter,mailto:?Subject=Boston%20Consulting%20Group%20review%20on%20Glassdoor&body=Read%20this%20review%20of%20Boston%20Consulting%20Group%20on%20Glassdoor.%20%22Don%27t%20quite%20match%20the%20sales%20pitch%22%C2%A0undefined/Reviews/Employee-Review-Boston-Consulting-Group-RVW6019324.htm,Share via Email,https://www.glassdoor.sg/Reviews/undefined/Reviews/Employee-Review-Boston-Consulting-Group-RVW6019324.htm,Copy Link,Flag as Inappropriate
Current Employee - Associate,"February 26, 2013",https://www.glassdoor.sg/Reviews/Employee-Review-Boston-Consulting-Group-RVW2404767.htm,"""Great place to work, but salary needs to keep up with inflation""""",4.0,in Singapore,Singapore,Recommends,Neutral Outlook,Approves of CEO,I have been working at Boston Consulting Group full-time,Pros,Great people and unparalleled developmental opportunities. A great place to work and develop as an individual.,Cons,Unpredictability with some practice areas still growing. Variability between assignments can be extreme and,Share on Facebook,"https://twitter.com/share?url=undefined/Reviews/Employee-Review-Boston-Consulting-Group-RVW2404767.htm&text=Boston%20Consulting%20Group+review+on+%23Glassdoor%3A+%22Great%20place%20to%20work,%20but%20salary%20needs%20to%20keep%20up%20with%20inflation%22%22",Share on Twitter,"mailto:?Subject=Boston%20Consulting%20Group%20review%20on%20Glassdoor&body=Read%20this%20review%20of%20Boston%20Consulting%20Group%20on%20Glassdoor.%20%22Great%20place%20to%20work,%20but%20salary%20needs%20to%20keep%20up%20with%20inflation%22%22%C2%A0undefined/Reviews/Employee-Review-Boston-Consulting-Group-RVW2404767.htm",Share via Email,https://www.glassdoor.sg/Reviews/undefined/Reviews/Employee-Review-Boston-Consulting-Group-RVW2404767.htm,Copy Link,Flag as Inappropriate