﻿Title,Date,View_URL,View,View1,middle,colsm4,colsm42,colsm43,maintext,View4,View5,View6,View7,socialshareicon,socialshareicon_URL,socialshareicon8,socialshareicon_URL9,socialshareicon10,socialshareicon_URL11,socialshareicon12,socialshareicon_URL13,socialshareicon14,Content
Current Employee - Analyst,"September 8, 2020",https://www.glassdoor.sg/Reviews/Employee-Review-Deloitte-RVW35741480.htm,"""Great Company""",5.0,,,,,I have been working at Deloitte full-time,Pros,"A lot to learn, fast pace.",Cons,Long hours. sometimes can be stressful,Share on Facebook,https://twitter.com/share?url=undefined/Reviews/Employee-Review-Deloitte-RVW35741480.htm&text=Deloitte+review+on+%23Glassdoor%3A+%22Great%20Company%22,Share on Twitter,whatsapp://send?text=undefined/Reviews/Employee-Review-Deloitte-RVW35741480.htm,Share on WhatsApp,mailto:?Subject=Deloitte%20review%20on%20Glassdoor&body=Read%20this%20review%20of%20Deloitte%20on%20Glassdoor.%20%22Great%20Company%22%C2%A0undefined/Reviews/Employee-Review-Deloitte-RVW35741480.htm,Share via Email,https://www.glassdoor.sg/Reviews/undefined/Reviews/Employee-Review-Deloitte-RVW35741480.htm,Copy Link,Flag as Inappropriate
Former Employee - Anonymous Employee,"September 15, 2020",https://www.glassdoor.sg/Reviews/Employee-Review-Deloitte-RVW35997956.htm,"""Great place to work""",5.0,,Recommends,Positive Outlook,Approves of CEO,I worked at Deloitte full-time,Pros,"Insurance, Health & Wellness · Financial & Retirement · Family & Parenting · Vacation & Time Off · Perks & Discounts · Professional Support",Cons,"Work-life balance can become poor, especially during tight project timelines",Share on Facebook,https://twitter.com/share?url=undefined/Reviews/Employee-Review-Deloitte-RVW35997956.htm&text=Deloitte+review+on+%23Glassdoor%3A+%22Great%20place%20to%20work%22,Share on Twitter,whatsapp://send?text=undefined/Reviews/Employee-Review-Deloitte-RVW35997956.htm,Share on WhatsApp,mailto:?Subject=Deloitte%20review%20on%20Glassdoor&body=Read%20this%20review%20of%20Deloitte%20on%20Glassdoor.%20%22Great%20place%20to%20work%22%C2%A0undefined/Reviews/Employee-Review-Deloitte-RVW35997956.htm,Share via Email,https://www.glassdoor.sg/Reviews/undefined/Reviews/Employee-Review-Deloitte-RVW35997956.htm,Copy Link,Flag as Inappropriate
Current Employee - Audit Senior,"September 16, 2020",https://www.glassdoor.sg/Reviews/Employee-Review-Deloitte-RVW36010242.htm,"""Not a bad place to start audit career""",4.0,in Singapore,Doesn't Recommend,Positive Outlook,Approves of CEO,I have been working at Deloitte full-time,Pros,"Positive experience working here, capable colleagues and managers",Cons,"Long working hours
Remuneration not as good compared to other big 4",Share on Facebook,https://twitter.com/share?url=undefined/Reviews/Employee-Review-Deloitte-RVW36010242.htm&text=Deloitte+review+on+%23Glassdoor%3A+%22Not%20a%20bad%20place%20to%20start%20audit%20career%22,Share on Twitter,whatsapp://send?text=undefined/Reviews/Employee-Review-Deloitte-RVW36010242.htm,Share on WhatsApp,mailto:?Subject=Deloitte%20review%20on%20Glassdoor&body=Read%20this%20review%20of%20Deloitte%20on%20Glassdoor.%20%22Not%20a%20bad%20place%20to%20start%20audit%20career%22%C2%A0undefined/Reviews/Employee-Review-Deloitte-RVW36010242.htm,Share via Email,https://www.glassdoor.sg/Reviews/undefined/Reviews/Employee-Review-Deloitte-RVW36010242.htm,Copy Link,Flag as Inappropriate
Current Employee - Business Tax,"September 11, 2020",https://www.glassdoor.sg/Reviews/Employee-Review-Deloitte-RVW35869340.htm,"""Not bad""",4.0,in Singapore,,,,I have been working at Deloitte full-time,Pros,good environment to work in,Cons,can have better pantry snacks,Share on Facebook,https://twitter.com/share?url=undefined/Reviews/Employee-Review-Deloitte-RVW35869340.htm&text=Deloitte+review+on+%23Glassdoor%3A+%22Not%20bad%22,Share on Twitter,whatsapp://send?text=undefined/Reviews/Employee-Review-Deloitte-RVW35869340.htm,Share on WhatsApp,mailto:?Subject=Deloitte%20review%20on%20Glassdoor&body=Read%20this%20review%20of%20Deloitte%20on%20Glassdoor.%20%22Not%20bad%22%C2%A0undefined/Reviews/Employee-Review-Deloitte-RVW35869340.htm,Share via Email,https://www.glassdoor.sg/Reviews/undefined/Reviews/Employee-Review-Deloitte-RVW35869340.htm,Copy Link,Flag as Inappropriate
Former Employee - Audit Senior,"September 15, 2020",https://www.glassdoor.sg/Reviews/Employee-Review-Deloitte-RVW35962534.htm,"""No end to work""",3.0,in Singapore,Doesn't Recommend,,,I worked at Deloitte full-time for more than 3 years,Pros,"- Brand name
- Quick progression (yearly)",Cons,"- Everything else
- You will have no life
- All rest time is borrowed time
- Work never shuts off (checking emails during your leave, receiving emails at 3am)",Share on Facebook,https://twitter.com/share?url=undefined/Reviews/Employee-Review-Deloitte-RVW35962534.htm&text=Deloitte+review+on+%23Glassdoor%3A+%22No%20end%20to%20work%22,Share on Twitter,whatsapp://send?text=undefined/Reviews/Employee-Review-Deloitte-RVW35962534.htm,Share on WhatsApp,mailto:?Subject=Deloitte%20review%20on%20Glassdoor&body=Read%20this%20review%20of%20Deloitte%20on%20Glassdoor.%20%22No%20end%20to%20work%22%C2%A0undefined/Reviews/Employee-Review-Deloitte-RVW35962534.htm,Share via Email,https://www.glassdoor.sg/Reviews/undefined/Reviews/Employee-Review-Deloitte-RVW35962534.htm,Copy Link,Flag as Inappropriate
Former Employee - Anonymous Employee,"August 26, 2020",https://www.glassdoor.sg/Reviews/Employee-Review-Deloitte-RVW35329690.htm,"""Good""",4.0,,,,,I worked at Deloitte full-time,Pros,The increment is very good,Cons,There are no cons at all,Share on Facebook,https://twitter.com/share?url=undefined/Reviews/Employee-Review-Deloitte-RVW35329690.htm&text=Deloitte+review+on+%23Glassdoor%3A+%22Good%22,Share on Twitter,whatsapp://send?text=undefined/Reviews/Employee-Review-Deloitte-RVW35329690.htm,Share on WhatsApp,mailto:?Subject=Deloitte%20review%20on%20Glassdoor&body=Read%20this%20review%20of%20Deloitte%20on%20Glassdoor.%20%22Good%22%C2%A0undefined/Reviews/Employee-Review-Deloitte-RVW35329690.htm,Share via Email,https://www.glassdoor.sg/Reviews/undefined/Reviews/Employee-Review-Deloitte-RVW35329690.htm,Copy Link,Flag as Inappropriate
Current Employee - Facility Service Associate,"September 8, 2020",https://www.glassdoor.sg/Reviews/Employee-Review-Deloitte-RVW35748105.htm,"""Toileteries product""",2.0,,,,,I have been working at Deloitte full-time,Pros,"Stable, prominent, big work life balance",Cons,not really know any downside of the company,Share on Facebook,https://twitter.com/share?url=undefined/Reviews/Employee-Review-Deloitte-RVW35748105.htm&text=Deloitte+review+on+%23Glassdoor%3A+%22Toileteries%20product%22,Share on Twitter,whatsapp://send?text=undefined/Reviews/Employee-Review-Deloitte-RVW35748105.htm,Share on WhatsApp,mailto:?Subject=Deloitte%20review%20on%20Glassdoor&body=Read%20this%20review%20of%20Deloitte%20on%20Glassdoor.%20%22Toileteries%20product%22%C2%A0undefined/Reviews/Employee-Review-Deloitte-RVW35748105.htm,Share via Email,https://www.glassdoor.sg/Reviews/undefined/Reviews/Employee-Review-Deloitte-RVW35748105.htm,Copy Link,Flag as Inappropriate
Current Employee - Tax Manager,"August 25, 2020",https://www.glassdoor.sg/Reviews/Employee-Review-Deloitte-RVW35259479.htm,"""good company""",4.0,,,,,I have been working at Deloitte full-time,Pros,"learning opportunitues, tax updates, people",Cons,low bonus and uneven workload,Share on Facebook,https://twitter.com/share?url=undefined/Reviews/Employee-Review-Deloitte-RVW35259479.htm&text=Deloitte+review+on+%23Glassdoor%3A+%22good%20company%22,Share on Twitter,whatsapp://send?text=undefined/Reviews/Employee-Review-Deloitte-RVW35259479.htm,Share on WhatsApp,mailto:?Subject=Deloitte%20review%20on%20Glassdoor&body=Read%20this%20review%20of%20Deloitte%20on%20Glassdoor.%20%22good%20company%22%C2%A0undefined/Reviews/Employee-Review-Deloitte-RVW35259479.htm,Share via Email,https://www.glassdoor.sg/Reviews/undefined/Reviews/Employee-Review-Deloitte-RVW35259479.htm,Copy Link,Flag as Inappropriate
Former Employee - Audit Associate,"August 22, 2020",https://www.glassdoor.sg/Reviews/Employee-Review-Deloitte-RVW35163272.htm,"""good start for fresh graduates""",4.0,in Singapore,Recommends,Neutral Outlook,No Opinion of CEO,I worked at Deloitte full-time for more than a year,Pros,"meaningful tasks, good learning opportunity, good progression",Cons,"long working hours, hierarchal culture, cliques, discrimination",Share on Facebook,https://twitter.com/share?url=undefined/Reviews/Employee-Review-Deloitte-RVW35163272.htm&text=Deloitte+review+on+%23Glassdoor%3A+%22good%20start%20for%20fresh%20graduates%22,Share on Twitter,whatsapp://send?text=undefined/Reviews/Employee-Review-Deloitte-RVW35163272.htm,Share on WhatsApp,mailto:?Subject=Deloitte%20review%20on%20Glassdoor&body=Read%20this%20review%20of%20Deloitte%20on%20Glassdoor.%20%22good%20start%20for%20fresh%20graduates%22%C2%A0undefined/Reviews/Employee-Review-Deloitte-RVW35163272.htm,Share via Email,https://www.glassdoor.sg/Reviews/undefined/Reviews/Employee-Review-Deloitte-RVW35163272.htm,Copy Link,Flag as Inappropriate
Current Employee - Audit Assistant Manager,"September 4, 2020",https://www.glassdoor.sg/Reviews/Employee-Review-Deloitte-RVW35630175.htm,"""Review of audit position""",2.0,in Singapore,,,,I have been working at Deloitte full-time for more than 5 years,Pros,Progression is almost certain for most.,Cons,Work life balance is non existent.,Share on Facebook,https://twitter.com/share?url=undefined/Reviews/Employee-Review-Deloitte-RVW35630175.htm&text=Deloitte+review+on+%23Glassdoor%3A+%22Review%20of%20audit%20position%22,Share on Twitter,whatsapp://send?text=undefined/Reviews/Employee-Review-Deloitte-RVW35630175.htm,Share on WhatsApp,mailto:?Subject=Deloitte%20review%20on%20Glassdoor&body=Read%20this%20review%20of%20Deloitte%20on%20Glassdoor.%20%22Review%20of%20audit%20position%22%C2%A0undefined/Reviews/Employee-Review-Deloitte-RVW35630175.htm,Share via Email,https://www.glassdoor.sg/Reviews/undefined/Reviews/Employee-Review-Deloitte-RVW35630175.htm,Copy Link,Flag as Inappropriate
Current Employee - Anonymous Employee,"August 15, 2020",https://www.glassdoor.sg/Reviews/Employee-Review-Deloitte-RVW34949303.htm,"""experience""",5.0,,,,,I have been working at Deloitte full-time,Pros,"good, nice environment, good career prospect",Cons,"Challenging, low salary, long hourse",Share on Facebook,https://twitter.com/share?url=undefined/Reviews/Employee-Review-Deloitte-RVW34949303.htm&text=Deloitte+review+on+%23Glassdoor%3A+%22experience%22,Share on Twitter,whatsapp://send?text=undefined/Reviews/Employee-Review-Deloitte-RVW34949303.htm,Share on WhatsApp,mailto:?Subject=Deloitte%20review%20on%20Glassdoor&body=Read%20this%20review%20of%20Deloitte%20on%20Glassdoor.%20%22experience%22%C2%A0undefined/Reviews/Employee-Review-Deloitte-RVW34949303.htm,Share via Email,https://www.glassdoor.sg/Reviews/undefined/Reviews/Employee-Review-Deloitte-RVW34949303.htm,Copy Link,Flag as Inappropriate
Former Employee - Director,"August 16, 2020",https://www.glassdoor.sg/Reviews/Employee-Review-Deloitte-RVW34954117.htm,"""One year strategy""",4.0,in Singapore,,,,I worked at Deloitte full-time,Pros,Deloitte never slips - the power of a global company.,Cons,No strategists to work with,Share on Facebook,https://twitter.com/share?url=undefined/Reviews/Employee-Review-Deloitte-RVW34954117.htm&text=Deloitte+review+on+%23Glassdoor%3A+%22One%20year%20strategy%22,Share on Twitter,whatsapp://send?text=undefined/Reviews/Employee-Review-Deloitte-RVW34954117.htm,Share on WhatsApp,mailto:?Subject=Deloitte%20review%20on%20Glassdoor&body=Read%20this%20review%20of%20Deloitte%20on%20Glassdoor.%20%22One%20year%20strategy%22%C2%A0undefined/Reviews/Employee-Review-Deloitte-RVW34954117.htm,Share via Email,https://www.glassdoor.sg/Reviews/undefined/Reviews/Employee-Review-Deloitte-RVW34954117.htm,Copy Link,Flag as Inappropriate
Current Employee - Manager,"August 26, 2020",https://www.glassdoor.sg/Reviews/Employee-Review-Deloitte-RVW35333754.htm,"""Top-down culture... little culture of development & growth""",2.0,in Singapore,Doesn't Recommend,Neutral Outlook,,I have been working at Deloitte full-time for more than 3 years,Pros,Access to some smart people and insights,Cons,"Inconsistent quality of leadership - some great, some not. Culture is individualistic, and sink or swim. Not enough focus on development.",Share on Facebook,https://twitter.com/share?url=undefined/Reviews/Employee-Review-Deloitte-RVW35333754.htm&text=Deloitte+review+on+%23Glassdoor%3A+%22Top-down%20culture...%20little%20culture%20of%20development%20&amp;%20growth%22,Share on Twitter,whatsapp://send?text=undefined/Reviews/Employee-Review-Deloitte-RVW35333754.htm,Share on WhatsApp,mailto:?Subject=Deloitte%20review%20on%20Glassdoor&body=Read%20this%20review%20of%20Deloitte%20on%20Glassdoor.%20%22Top-down%20culture...%20little%20culture%20of%20development%20%26amp;%20growth%22%C2%A0undefined/Reviews/Employee-Review-Deloitte-RVW35333754.htm,Share via Email,https://www.glassdoor.sg/Reviews/undefined/Reviews/Employee-Review-Deloitte-RVW35333754.htm,Copy Link,Flag as Inappropriate
Current Employee - Audit Assistant Manager,"August 27, 2020",https://www.glassdoor.sg/Reviews/Employee-Review-Deloitte-RVW35353752.htm,"""Poor human resource practices and culture promoting mediocrity""",2.0,in Singapore,Doesn't Recommend,Neutral Outlook,No Opinion of CEO,I have been working at Deloitte full-time for more than 5 years,Pros,Exposure to big 4 experience,Cons,No work life balance and poor talent management,Share on Facebook,https://twitter.com/share?url=undefined/Reviews/Employee-Review-Deloitte-RVW35353752.htm&text=Deloitte+review+on+%23Glassdoor%3A+%22Poor%20human%20resource%20practices%20and%20culture%20promoting%20mediocrity%22,Share on Twitter,whatsapp://send?text=undefined/Reviews/Employee-Review-Deloitte-RVW35353752.htm,Share on WhatsApp,mailto:?Subject=Deloitte%20review%20on%20Glassdoor&body=Read%20this%20review%20of%20Deloitte%20on%20Glassdoor.%20%22Poor%20human%20resource%20practices%20and%20culture%20promoting%20mediocrity%22%C2%A0undefined/Reviews/Employee-Review-Deloitte-RVW35353752.htm,Share via Email,https://www.glassdoor.sg/Reviews/undefined/Reviews/Employee-Review-Deloitte-RVW35353752.htm,Copy Link,Flag as Inappropriate
Current Employee - Audit Senior Associate,"August 12, 2020",https://www.glassdoor.sg/Reviews/Employee-Review-Deloitte-RVW34860806.htm,"""Auditor""",4.0,in Singapore,Recommends,Neutral Outlook,,I have been working at Deloitte full-time for more than 3 years,Pros,Friendly culture and forgiving culture,Cons,"insanely long hours during peak period, which is the norm for all accounting firms",Share on Facebook,https://twitter.com/share?url=undefined/Reviews/Employee-Review-Deloitte-RVW34860806.htm&text=Deloitte+review+on+%23Glassdoor%3A+%22Auditor%22,Share on Twitter,whatsapp://send?text=undefined/Reviews/Employee-Review-Deloitte-RVW34860806.htm,Share on WhatsApp,mailto:?Subject=Deloitte%20review%20on%20Glassdoor&body=Read%20this%20review%20of%20Deloitte%20on%20Glassdoor.%20%22Auditor%22%C2%A0undefined/Reviews/Employee-Review-Deloitte-RVW34860806.htm,Share via Email,https://www.glassdoor.sg/Reviews/undefined/Reviews/Employee-Review-Deloitte-RVW34860806.htm,Copy Link,Flag as Inappropriate
Former Employee - Anonymous Employee,"August 27, 2020",https://www.glassdoor.sg/Reviews/Employee-Review-Deloitte-RVW35339612.htm,"""Tax Review""",3.0,,,,,I worked at Deloitte full-time,Pros,more of relaxed work culture,Cons,"employees not technically good, too much favoritism",Share on Facebook,https://twitter.com/share?url=undefined/Reviews/Employee-Review-Deloitte-RVW35339612.htm&text=Deloitte+review+on+%23Glassdoor%3A+%22Tax%20Review%22,Share on Twitter,whatsapp://send?text=undefined/Reviews/Employee-Review-Deloitte-RVW35339612.htm,Share on WhatsApp,mailto:?Subject=Deloitte%20review%20on%20Glassdoor&body=Read%20this%20review%20of%20Deloitte%20on%20Glassdoor.%20%22Tax%20Review%22%C2%A0undefined/Reviews/Employee-Review-Deloitte-RVW35339612.htm,Share via Email,https://www.glassdoor.sg/Reviews/undefined/Reviews/Employee-Review-Deloitte-RVW35339612.htm,Copy Link,Flag as Inappropriate
Former Employee - Consultant,"August 11, 2020",https://www.glassdoor.sg/Reviews/Employee-Review-Deloitte-RVW34820568.htm,"""Good Company""",5.0,in Singapore,,,,I worked at Deloitte full-time,Pros,Good company to work with.,Cons,No cons. Good company to work with.,Share on Facebook,https://twitter.com/share?url=undefined/Reviews/Employee-Review-Deloitte-RVW34820568.htm&text=Deloitte+review+on+%23Glassdoor%3A+%22Good%20Company%22,Share on Twitter,whatsapp://send?text=undefined/Reviews/Employee-Review-Deloitte-RVW34820568.htm,Share on WhatsApp,mailto:?Subject=Deloitte%20review%20on%20Glassdoor&body=Read%20this%20review%20of%20Deloitte%20on%20Glassdoor.%20%22Good%20Company%22%C2%A0undefined/Reviews/Employee-Review-Deloitte-RVW34820568.htm,Share via Email,https://www.glassdoor.sg/Reviews/undefined/Reviews/Employee-Review-Deloitte-RVW34820568.htm,Copy Link,Flag as Inappropriate
Current Employee - Senior Talent Acquisition Business Partner,"August 11, 2020",https://www.glassdoor.sg/Reviews/Employee-Review-Deloitte-RVW34825279.htm,"""Senior Talent Acquisition Business Partner working with Deloitte SEA""",5.0,in Singapore,Recommends,Positive Outlook,Approves of CEO,I have been working at Deloitte full-time,Pros,"Collaborative Culture, Flexible Environment, Work Life Balance",Cons,Client Servicing & Consulting Environment,Share on Facebook,https://twitter.com/share?url=undefined/Reviews/Employee-Review-Deloitte-RVW34825279.htm&text=Deloitte+review+on+%23Glassdoor%3A+%22Senior%20Talent%20Acquisition%20Business%20Partner%20working%20with%20Deloitte%20SEA%22,Share on Twitter,whatsapp://send?text=undefined/Reviews/Employee-Review-Deloitte-RVW34825279.htm,Share on WhatsApp,mailto:?Subject=Deloitte%20review%20on%20Glassdoor&body=Read%20this%20review%20of%20Deloitte%20on%20Glassdoor.%20%22Senior%20Talent%20Acquisition%20Business%20Partner%20working%20with%20Deloitte%20SEA%22%C2%A0undefined/Reviews/Employee-Review-Deloitte-RVW34825279.htm,Share via Email,https://www.glassdoor.sg/Reviews/undefined/Reviews/Employee-Review-Deloitte-RVW34825279.htm,Copy Link,Flag as Inappropriate
Former Employee - Auditor,"August 11, 2020",https://www.glassdoor.sg/Reviews/Employee-Review-Deloitte-RVW34797149.htm,"""Very knowledgeable seniors""",4.0,,Positive Outlook,Approves of CEO,,I worked at Deloitte full-time,Pros,"Seniors are knowledgeable and Willing to teach patiently
learnt the fundamentals and applications for auditing",Cons,a lot of overtime and work to do.,Share on Facebook,https://twitter.com/share?url=undefined/Reviews/Employee-Review-Deloitte-RVW34797149.htm&text=Deloitte+review+on+%23Glassdoor%3A+%22Very%20knowledgeable%20seniors%22,Share on Twitter,whatsapp://send?text=undefined/Reviews/Employee-Review-Deloitte-RVW34797149.htm,Share on WhatsApp,mailto:?Subject=Deloitte%20review%20on%20Glassdoor&body=Read%20this%20review%20of%20Deloitte%20on%20Glassdoor.%20%22Very%20knowledgeable%20seniors%22%C2%A0undefined/Reviews/Employee-Review-Deloitte-RVW34797149.htm,Share via Email,https://www.glassdoor.sg/Reviews/undefined/Reviews/Employee-Review-Deloitte-RVW34797149.htm,Copy Link,Flag as Inappropriate
Current Employee - Tax Associate,"August 23, 2020",https://www.glassdoor.sg/Reviews/Employee-Review-Deloitte-RVW35188339.htm,"""Alright""",3.0,,,,,I have been working at Deloitte full-time,Pros,Fun and young working environment,Cons,There could be Long hours,Share on Facebook,https://twitter.com/share?url=undefined/Reviews/Employee-Review-Deloitte-RVW35188339.htm&text=Deloitte+review+on+%23Glassdoor%3A+%22Alright%22,Share on Twitter,whatsapp://send?text=undefined/Reviews/Employee-Review-Deloitte-RVW35188339.htm,Share on WhatsApp,mailto:?Subject=Deloitte%20review%20on%20Glassdoor&body=Read%20this%20review%20of%20Deloitte%20on%20Glassdoor.%20%22Alright%22%C2%A0undefined/Reviews/Employee-Review-Deloitte-RVW35188339.htm,Share via Email,https://www.glassdoor.sg/Reviews/undefined/Reviews/Employee-Review-Deloitte-RVW35188339.htm,Copy Link,Flag as Inappropriate
Current Employee - Consultant,"August 19, 2020",https://www.glassdoor.sg/Reviews/Employee-Review-Deloitte-RVW35057121.htm,"""accept moderate salary""",3.0,in Singapore,,,,I have been working at Deloitte full-time,Pros,acceptable work load and travel,Cons,below market salary range and career advancement,Share on Facebook,https://twitter.com/share?url=undefined/Reviews/Employee-Review-Deloitte-RVW35057121.htm&text=Deloitte+review+on+%23Glassdoor%3A+%22accept%20moderate%20salary%22,Share on Twitter,whatsapp://send?text=undefined/Reviews/Employee-Review-Deloitte-RVW35057121.htm,Share on WhatsApp,mailto:?Subject=Deloitte%20review%20on%20Glassdoor&body=Read%20this%20review%20of%20Deloitte%20on%20Glassdoor.%20%22accept%20moderate%20salary%22%C2%A0undefined/Reviews/Employee-Review-Deloitte-RVW35057121.htm,Share via Email,https://www.glassdoor.sg/Reviews/undefined/Reviews/Employee-Review-Deloitte-RVW35057121.htm,Copy Link,Flag as Inappropriate
Current Employee - Consultant,"August 1, 2020",https://www.glassdoor.sg/Reviews/Employee-Review-Deloitte-RVW34563944.htm,"""Exciting job""",5.0,in Singapore,Recommends,Positive Outlook,Approves of CEO,I have been working at Deloitte full-time,Pros,"Diverse and excitable colleagues, plenty of learning opportunities. Dynamic work environment with plenty of challenging situations to help you grow and develop professionally.",Cons,Working hours can be very long and there may be stressful high stake situations where you will need to learn to deliver under pressure as well as manage stakeholder expectations.,Share on Facebook,https://twitter.com/share?url=undefined/Reviews/Employee-Review-Deloitte-RVW34563944.htm&text=Deloitte+review+on+%23Glassdoor%3A+%22Exciting%20job%22,Share on Twitter,whatsapp://send?text=undefined/Reviews/Employee-Review-Deloitte-RVW34563944.htm,Share on WhatsApp,mailto:?Subject=Deloitte%20review%20on%20Glassdoor&body=Read%20this%20review%20of%20Deloitte%20on%20Glassdoor.%20%22Exciting%20job%22%C2%A0undefined/Reviews/Employee-Review-Deloitte-RVW34563944.htm,Share via Email,https://www.glassdoor.sg/Reviews/undefined/Reviews/Employee-Review-Deloitte-RVW34563944.htm,Copy Link,Flag as Inappropriate
Former Employee - Intern,"August 2, 2020",https://www.glassdoor.sg/Reviews/Employee-Review-Deloitte-RVW34566793.htm,"""Decent internship experience for non-business majors""",4.0,in Singapore,,,,I worked at Deloitte full-time for less than a year,Pros,"- It is a good brand name on the resume
- Good networking opportunities
- Great insight into business roles for non-business majors",Cons,"HR can be quite inefficient
Need to be proactive in demanding roles you can learn from",Share on Facebook,https://twitter.com/share?url=undefined/Reviews/Employee-Review-Deloitte-RVW34566793.htm&text=Deloitte+review+on+%23Glassdoor%3A+%22Decent%20internship%20experience%20for%20non-business%20majors%22,Share on Twitter,whatsapp://send?text=undefined/Reviews/Employee-Review-Deloitte-RVW34566793.htm,Share on WhatsApp,mailto:?Subject=Deloitte%20review%20on%20Glassdoor&body=Read%20this%20review%20of%20Deloitte%20on%20Glassdoor.%20%22Decent%20internship%20experience%20for%20non-business%20majors%22%C2%A0undefined/Reviews/Employee-Review-Deloitte-RVW34566793.htm,Share via Email,https://www.glassdoor.sg/Reviews/undefined/Reviews/Employee-Review-Deloitte-RVW34566793.htm,Copy Link,Flag as Inappropriate
Current Employee - Anonymous Employee,"July 29, 2020",https://www.glassdoor.sg/Reviews/Employee-Review-Deloitte-RVW34500366.htm,"""AUDITOR""",4.0,,,,,I have been working at Deloitte full-time,Pros,Good increment and fast progression,Cons,Long hours and steep learning curve,Share on Facebook,https://twitter.com/share?url=undefined/Reviews/Employee-Review-Deloitte-RVW34500366.htm&text=Deloitte+review+on+%23Glassdoor%3A+%22AUDITOR%22,Share on Twitter,whatsapp://send?text=undefined/Reviews/Employee-Review-Deloitte-RVW34500366.htm,Share on WhatsApp,mailto:?Subject=Deloitte%20review%20on%20Glassdoor&body=Read%20this%20review%20of%20Deloitte%20on%20Glassdoor.%20%22AUDITOR%22%C2%A0undefined/Reviews/Employee-Review-Deloitte-RVW34500366.htm,Share via Email,https://www.glassdoor.sg/Reviews/undefined/Reviews/Employee-Review-Deloitte-RVW34500366.htm,Copy Link,Flag as Inappropriate
Current Employee - M&Amp; A Associate,"August 12, 2020",https://www.glassdoor.sg/Reviews/Employee-Review-Deloitte-RVW34839063.htm,"""low starting pay, bad (current) talent mgmt""",3.0,in Singapore,Doesn't Recommend,Negative Outlook,Approves of CEO,I have been working at Deloitte full-time for more than a year,Pros,staff benefits and seniors are willing to teach,Cons,"talent mgmt is bad. if u're hardworking u'll be utilised crazily, while the rest slacks",Share on Facebook,"https://twitter.com/share?url=undefined/Reviews/Employee-Review-Deloitte-RVW34839063.htm&text=Deloitte+review+on+%23Glassdoor%3A+%22low%20starting%20pay,%20bad%20(current)%20talent%20mgmt%22",Share on Twitter,whatsapp://send?text=undefined/Reviews/Employee-Review-Deloitte-RVW34839063.htm,Share on WhatsApp,"mailto:?Subject=Deloitte%20review%20on%20Glassdoor&body=Read%20this%20review%20of%20Deloitte%20on%20Glassdoor.%20%22low%20starting%20pay,%20bad%20(current)%20talent%20mgmt%22%C2%A0undefined/Reviews/Employee-Review-Deloitte-RVW34839063.htm",Share via Email,https://www.glassdoor.sg/Reviews/undefined/Reviews/Employee-Review-Deloitte-RVW34839063.htm,Copy Link,Flag as Inappropriate
Former Employee - Anonymous Employee,"August 6, 2020",https://www.glassdoor.sg/Reviews/Employee-Review-Deloitte-RVW34662653.htm,"""Ok ok""",2.0,,Doesn't Recommend,Negative Outlook,,I worked at Deloitte full-time,Pros,"Steady promotion and bonus, ok culture",Cons,No work life balance at all,Share on Facebook,https://twitter.com/share?url=undefined/Reviews/Employee-Review-Deloitte-RVW34662653.htm&text=Deloitte+review+on+%23Glassdoor%3A+%22Ok%20ok%22,Share on Twitter,whatsapp://send?text=undefined/Reviews/Employee-Review-Deloitte-RVW34662653.htm,Share on WhatsApp,mailto:?Subject=Deloitte%20review%20on%20Glassdoor&body=Read%20this%20review%20of%20Deloitte%20on%20Glassdoor.%20%22Ok%20ok%22%C2%A0undefined/Reviews/Employee-Review-Deloitte-RVW34662653.htm,Share via Email,https://www.glassdoor.sg/Reviews/undefined/Reviews/Employee-Review-Deloitte-RVW34662653.htm,Copy Link,Flag as Inappropriate
Former Employee - Anonymous Employee,"July 22, 2020",https://www.glassdoor.sg/Reviews/Employee-Review-Deloitte-RVW34367192.htm,"""Audit""",4.0,,,,,I worked at Deloitte full-time,Pros,Working in a Big 4 accounting firm,Cons,Hectic No work life balance,Share on Facebook,https://twitter.com/share?url=undefined/Reviews/Employee-Review-Deloitte-RVW34367192.htm&text=Deloitte+review+on+%23Glassdoor%3A+%22Audit%22,Share on Twitter,whatsapp://send?text=undefined/Reviews/Employee-Review-Deloitte-RVW34367192.htm,Share on WhatsApp,mailto:?Subject=Deloitte%20review%20on%20Glassdoor&body=Read%20this%20review%20of%20Deloitte%20on%20Glassdoor.%20%22Audit%22%C2%A0undefined/Reviews/Employee-Review-Deloitte-RVW34367192.htm,Share via Email,https://www.glassdoor.sg/Reviews/undefined/Reviews/Employee-Review-Deloitte-RVW34367192.htm,Copy Link,Flag as Inappropriate
Current Employee - Auditor,"August 4, 2020",https://www.glassdoor.sg/Reviews/Employee-Review-Deloitte-RVW34601535.htm,"""Salary""",2.0,in Singapore,,,,I have been working at Deloitte full-time,Pros,Can claim cab fee to client place,Cons,There is no work life balance.,Share on Facebook,https://twitter.com/share?url=undefined/Reviews/Employee-Review-Deloitte-RVW34601535.htm&text=Deloitte+review+on+%23Glassdoor%3A+%22Salary%22,Share on Twitter,whatsapp://send?text=undefined/Reviews/Employee-Review-Deloitte-RVW34601535.htm,Share on WhatsApp,mailto:?Subject=Deloitte%20review%20on%20Glassdoor&body=Read%20this%20review%20of%20Deloitte%20on%20Glassdoor.%20%22Salary%22%C2%A0undefined/Reviews/Employee-Review-Deloitte-RVW34601535.htm,Share via Email,https://www.glassdoor.sg/Reviews/undefined/Reviews/Employee-Review-Deloitte-RVW34601535.htm,Copy Link,Flag as Inappropriate
Former Employee - Assistant Manager,"July 17, 2020",https://www.glassdoor.sg/Reviews/Employee-Review-Deloitte-RVW34293718.htm,"""Work, culture, and colleagues""",4.0,in Singapore,Recommends,Positive Outlook,No Opinion of CEO,I worked at Deloitte full-time for more than 3 years,Pros,Made good friends there. Worked hard there,Cons,No control over preference of engagement,Share on Facebook,"https://twitter.com/share?url=undefined/Reviews/Employee-Review-Deloitte-RVW34293718.htm&text=Deloitte+review+on+%23Glassdoor%3A+%22Work,%20culture,%20and%20colleagues%22",Share on Twitter,whatsapp://send?text=undefined/Reviews/Employee-Review-Deloitte-RVW34293718.htm,Share on WhatsApp,"mailto:?Subject=Deloitte%20review%20on%20Glassdoor&body=Read%20this%20review%20of%20Deloitte%20on%20Glassdoor.%20%22Work,%20culture,%20and%20colleagues%22%C2%A0undefined/Reviews/Employee-Review-Deloitte-RVW34293718.htm",Share via Email,https://www.glassdoor.sg/Reviews/undefined/Reviews/Employee-Review-Deloitte-RVW34293718.htm,Copy Link,Flag as Inappropriate
Current Employee - Anonymous Employee,"July 31, 2020",https://www.glassdoor.sg/Reviews/Employee-Review-Deloitte-RVW34553073.htm,"""Review""",3.0,,,,,I have been working at Deloitte full-time,Pros,Colleagues/ peers level are helpful.,Cons,"Managerial level seemed very hierarchy, not very approachable when comes to consulting.",Share on Facebook,https://twitter.com/share?url=undefined/Reviews/Employee-Review-Deloitte-RVW34553073.htm&text=Deloitte+review+on+%23Glassdoor%3A+%22Review%22,Share on Twitter,whatsapp://send?text=undefined/Reviews/Employee-Review-Deloitte-RVW34553073.htm,Share on WhatsApp,mailto:?Subject=Deloitte%20review%20on%20Glassdoor&body=Read%20this%20review%20of%20Deloitte%20on%20Glassdoor.%20%22Review%22%C2%A0undefined/Reviews/Employee-Review-Deloitte-RVW34553073.htm,Share via Email,https://www.glassdoor.sg/Reviews/undefined/Reviews/Employee-Review-Deloitte-RVW34553073.htm,Copy Link,Flag as Inappropriate
Current Employee - Experienced Audit Associate,"July 30, 2020",https://www.glassdoor.sg/Reviews/Employee-Review-Deloitte-RVW34528188.htm,"""Review of DT""",2.0,"in Bedok New Town, East",Doesn't Recommend,Neutral Outlook,No Opinion of CEO,I have been working at Deloitte full-time for more than a year,Pros,"People are generally nice,
Large office,
Exposure to different business",Cons,"high learning curve,
long hours,
at time redundant work,
task varies to opinion of different manager and partner,
manpower issue, 
lack of feedback from ground before implementation of new process,
Toxic culture of constant working OT and on the weekends,
Limited Training.",Share on Facebook,https://twitter.com/share?url=undefined/Reviews/Employee-Review-Deloitte-RVW34528188.htm&text=Deloitte+review+on+%23Glassdoor%3A+%22Review%20of%20DT%22,Share on Twitter,whatsapp://send?text=undefined/Reviews/Employee-Review-Deloitte-RVW34528188.htm,Share on WhatsApp,mailto:?Subject=Deloitte%20review%20on%20Glassdoor&body=Read%20this%20review%20of%20Deloitte%20on%20Glassdoor.%20%22Review%20of%20DT%22%C2%A0undefined/Reviews/Employee-Review-Deloitte-RVW34528188.htm,Share via Email,https://www.glassdoor.sg/Reviews/undefined/Reviews/Employee-Review-Deloitte-RVW34528188.htm,Copy Link,Flag as Inappropriate
Former Employee - Business Analyst,"July 4, 2020",https://www.glassdoor.sg/Reviews/Employee-Review-Deloitte-RVW34050393.htm,"""Consulting analyst""",5.0,in Singapore,Recommends,Positive Outlook,Approves of CEO,I worked at Deloitte full-time for more than a year,Pros,Good progression and learning experience,Cons,Long hours during tight deadlines,Share on Facebook,https://twitter.com/share?url=undefined/Reviews/Employee-Review-Deloitte-RVW34050393.htm&text=Deloitte+review+on+%23Glassdoor%3A+%22Consulting%20analyst%22,Share on Twitter,whatsapp://send?text=undefined/Reviews/Employee-Review-Deloitte-RVW34050393.htm,Share on WhatsApp,mailto:?Subject=Deloitte%20review%20on%20Glassdoor&body=Read%20this%20review%20of%20Deloitte%20on%20Glassdoor.%20%22Consulting%20analyst%22%C2%A0undefined/Reviews/Employee-Review-Deloitte-RVW34050393.htm,Share via Email,https://www.glassdoor.sg/Reviews/undefined/Reviews/Employee-Review-Deloitte-RVW34050393.htm,Copy Link,Flag as Inappropriate
Former Employee - Manager,"July 21, 2020",https://www.glassdoor.sg/Reviews/Employee-Review-Deloitte-RVW34356095.htm,"""Don't waste time in this company""",2.0,in Singapore,Doesn't Recommend,Negative Outlook,,I worked at Deloitte full-time for less than a year,Pros,"Nothing much, except unlimited leave. But you won't have time to take leave.",Cons,Be surprised that anyone can claimed as Subject Matter Experts. The quality of work is a big question mark,Share on Facebook,https://twitter.com/share?url=undefined/Reviews/Employee-Review-Deloitte-RVW34356095.htm&text=Deloitte+review+on+%23Glassdoor%3A+%22Don%27t%20waste%20time%20in%20this%20company%22,Share on Twitter,whatsapp://send?text=undefined/Reviews/Employee-Review-Deloitte-RVW34356095.htm,Share on WhatsApp,mailto:?Subject=Deloitte%20review%20on%20Glassdoor&body=Read%20this%20review%20of%20Deloitte%20on%20Glassdoor.%20%22Don%27t%20waste%20time%20in%20this%20company%22%C2%A0undefined/Reviews/Employee-Review-Deloitte-RVW34356095.htm,Share via Email,https://www.glassdoor.sg/Reviews/undefined/Reviews/Employee-Review-Deloitte-RVW34356095.htm,Copy Link,Flag as Inappropriate
Current Employee - Associate,"July 21, 2020",https://www.glassdoor.sg/Reviews/Employee-Review-Deloitte-RVW34344174.htm,"""Deloitte""",2.0,,Doesn't Recommend,Neutral Outlook,,I have been working at Deloitte full-time,Pros,Big 4 and steady progression,Cons,Long hours and low pay,Share on Facebook,https://twitter.com/share?url=undefined/Reviews/Employee-Review-Deloitte-RVW34344174.htm&text=Deloitte+review+on+%23Glassdoor%3A+%22Deloitte%22,Share on Twitter,whatsapp://send?text=undefined/Reviews/Employee-Review-Deloitte-RVW34344174.htm,Share on WhatsApp,mailto:?Subject=Deloitte%20review%20on%20Glassdoor&body=Read%20this%20review%20of%20Deloitte%20on%20Glassdoor.%20%22Deloitte%22%C2%A0undefined/Reviews/Employee-Review-Deloitte-RVW34344174.htm,Share via Email,https://www.glassdoor.sg/Reviews/undefined/Reviews/Employee-Review-Deloitte-RVW34344174.htm,Copy Link,Flag as Inappropriate
Former Employee - Senior Auditor,"July 5, 2020",https://www.glassdoor.sg/Reviews/Employee-Review-Deloitte-RVW34054096.htm,"""Great!""",4.0,,Recommends,,,I worked at Deloitte full-time for more than a year,Pros,"Great people, benefits and structure",Cons,Working hours can be quite long,Share on Facebook,https://twitter.com/share?url=undefined/Reviews/Employee-Review-Deloitte-RVW34054096.htm&text=Deloitte+review+on+%23Glassdoor%3A+%22Great!%22,Share on Twitter,whatsapp://send?text=undefined/Reviews/Employee-Review-Deloitte-RVW34054096.htm,Share on WhatsApp,mailto:?Subject=Deloitte%20review%20on%20Glassdoor&body=Read%20this%20review%20of%20Deloitte%20on%20Glassdoor.%20%22Great!%22%C2%A0undefined/Reviews/Employee-Review-Deloitte-RVW34054096.htm,Share via Email,https://www.glassdoor.sg/Reviews/undefined/Reviews/Employee-Review-Deloitte-RVW34054096.htm,Copy Link,Flag as Inappropriate
Current Employee - Senior Consultant,"July 3, 2020",https://www.glassdoor.sg/Reviews/Employee-Review-Deloitte-RVW34035130.htm,"""NA""",4.0,in Singapore,,,,I have been working at Deloitte full-time for more than 3 years,Pros,Company give a good increment yearly,Cons,"Company did not give a lot bonus, more like AWS only",Share on Facebook,https://twitter.com/share?url=undefined/Reviews/Employee-Review-Deloitte-RVW34035130.htm&text=Deloitte+review+on+%23Glassdoor%3A+%22NA%22,Share on Twitter,whatsapp://send?text=undefined/Reviews/Employee-Review-Deloitte-RVW34035130.htm,Share on WhatsApp,mailto:?Subject=Deloitte%20review%20on%20Glassdoor&body=Read%20this%20review%20of%20Deloitte%20on%20Glassdoor.%20%22NA%22%C2%A0undefined/Reviews/Employee-Review-Deloitte-RVW34035130.htm,Share via Email,https://www.glassdoor.sg/Reviews/undefined/Reviews/Employee-Review-Deloitte-RVW34035130.htm,Copy Link,Flag as Inappropriate
Current Employee - Manager,"July 16, 2020",https://www.glassdoor.sg/Reviews/Employee-Review-Deloitte-RVW34275822.htm,"""good company""",3.0,in Singapore,,,,I have been working at Deloitte full-time,Pros,forward looking leadership global impact,Cons,salary less competitive brand value low,Share on Facebook,https://twitter.com/share?url=undefined/Reviews/Employee-Review-Deloitte-RVW34275822.htm&text=Deloitte+review+on+%23Glassdoor%3A+%22good%20company%22,Share on Twitter,whatsapp://send?text=undefined/Reviews/Employee-Review-Deloitte-RVW34275822.htm,Share on WhatsApp,mailto:?Subject=Deloitte%20review%20on%20Glassdoor&body=Read%20this%20review%20of%20Deloitte%20on%20Glassdoor.%20%22good%20company%22%C2%A0undefined/Reviews/Employee-Review-Deloitte-RVW34275822.htm,Share via Email,https://www.glassdoor.sg/Reviews/undefined/Reviews/Employee-Review-Deloitte-RVW34275822.htm,Copy Link,Flag as Inappropriate
Former Employee - Assistant Manager,"July 17, 2020",https://www.glassdoor.sg/Reviews/Employee-Review-Deloitte-RVW34293718.htm,"""Work, culture, and colleagues""",4.0,in Singapore,Recommends,Positive Outlook,No Opinion of CEO,I worked at Deloitte full-time for more than 3 years,Pros,Made good friends there. Worked hard there,Cons,No control over preference of engagement,Share on Facebook,"https://twitter.com/share?url=undefined/Reviews/Employee-Review-Deloitte-RVW34293718.htm&text=Deloitte+review+on+%23Glassdoor%3A+%22Work,%20culture,%20and%20colleagues%22",Share on Twitter,whatsapp://send?text=undefined/Reviews/Employee-Review-Deloitte-RVW34293718.htm,Share on WhatsApp,"mailto:?Subject=Deloitte%20review%20on%20Glassdoor&body=Read%20this%20review%20of%20Deloitte%20on%20Glassdoor.%20%22Work,%20culture,%20and%20colleagues%22%C2%A0undefined/Reviews/Employee-Review-Deloitte-RVW34293718.htm",Share via Email,https://www.glassdoor.sg/Reviews/undefined/Reviews/Employee-Review-Deloitte-RVW34293718.htm,Copy Link,Flag as Inappropriate
Current Employee - Anonymous Employee,"July 31, 2020",https://www.glassdoor.sg/Reviews/Employee-Review-Deloitte-RVW34553073.htm,"""Review""",3.0,,,,,I have been working at Deloitte full-time,Pros,Colleagues/ peers level are helpful.,Cons,"Managerial level seemed very hierarchy, not very approachable when comes to consulting.",Share on Facebook,https://twitter.com/share?url=undefined/Reviews/Employee-Review-Deloitte-RVW34553073.htm&text=Deloitte+review+on+%23Glassdoor%3A+%22Review%22,Share on Twitter,whatsapp://send?text=undefined/Reviews/Employee-Review-Deloitte-RVW34553073.htm,Share on WhatsApp,mailto:?Subject=Deloitte%20review%20on%20Glassdoor&body=Read%20this%20review%20of%20Deloitte%20on%20Glassdoor.%20%22Review%22%C2%A0undefined/Reviews/Employee-Review-Deloitte-RVW34553073.htm,Share via Email,https://www.glassdoor.sg/Reviews/undefined/Reviews/Employee-Review-Deloitte-RVW34553073.htm,Copy Link,Flag as Inappropriate
Current Employee - Experienced Audit Associate,"July 30, 2020",https://www.glassdoor.sg/Reviews/Employee-Review-Deloitte-RVW34528188.htm,"""Review of DT""",2.0,"in Bedok New Town, East",Doesn't Recommend,Neutral Outlook,No Opinion of CEO,I have been working at Deloitte full-time for more than a year,Pros,"People are generally nice,
Large office,
Exposure to different business",Cons,"high learning curve,
long hours,
at time redundant work,
task varies to opinion of different manager and partner,
manpower issue, 
lack of feedback from ground before implementation of new process,
Toxic culture of constant working OT and on the weekends,
Limited Training.",Share on Facebook,https://twitter.com/share?url=undefined/Reviews/Employee-Review-Deloitte-RVW34528188.htm&text=Deloitte+review+on+%23Glassdoor%3A+%22Review%20of%20DT%22,Share on Twitter,whatsapp://send?text=undefined/Reviews/Employee-Review-Deloitte-RVW34528188.htm,Share on WhatsApp,mailto:?Subject=Deloitte%20review%20on%20Glassdoor&body=Read%20this%20review%20of%20Deloitte%20on%20Glassdoor.%20%22Review%20of%20DT%22%C2%A0undefined/Reviews/Employee-Review-Deloitte-RVW34528188.htm,Share via Email,https://www.glassdoor.sg/Reviews/undefined/Reviews/Employee-Review-Deloitte-RVW34528188.htm,Copy Link,Flag as Inappropriate
Former Employee - Business Analyst,"July 4, 2020",https://www.glassdoor.sg/Reviews/Employee-Review-Deloitte-RVW34050393.htm,"""Consulting analyst""",5.0,in Singapore,Recommends,Positive Outlook,Approves of CEO,I worked at Deloitte full-time for more than a year,Pros,Good progression and learning experience,Cons,Long hours during tight deadlines,Share on Facebook,https://twitter.com/share?url=undefined/Reviews/Employee-Review-Deloitte-RVW34050393.htm&text=Deloitte+review+on+%23Glassdoor%3A+%22Consulting%20analyst%22,Share on Twitter,whatsapp://send?text=undefined/Reviews/Employee-Review-Deloitte-RVW34050393.htm,Share on WhatsApp,mailto:?Subject=Deloitte%20review%20on%20Glassdoor&body=Read%20this%20review%20of%20Deloitte%20on%20Glassdoor.%20%22Consulting%20analyst%22%C2%A0undefined/Reviews/Employee-Review-Deloitte-RVW34050393.htm,Share via Email,https://www.glassdoor.sg/Reviews/undefined/Reviews/Employee-Review-Deloitte-RVW34050393.htm,Copy Link,Flag as Inappropriate
Former Employee - Manager,"July 21, 2020",https://www.glassdoor.sg/Reviews/Employee-Review-Deloitte-RVW34356095.htm,"""Don't waste time in this company""",2.0,in Singapore,Doesn't Recommend,Negative Outlook,,I worked at Deloitte full-time for less than a year,Pros,"Nothing much, except unlimited leave. But you won't have time to take leave.",Cons,Be surprised that anyone can claimed as Subject Matter Experts. The quality of work is a big question mark,Share on Facebook,https://twitter.com/share?url=undefined/Reviews/Employee-Review-Deloitte-RVW34356095.htm&text=Deloitte+review+on+%23Glassdoor%3A+%22Don%27t%20waste%20time%20in%20this%20company%22,Share on Twitter,whatsapp://send?text=undefined/Reviews/Employee-Review-Deloitte-RVW34356095.htm,Share on WhatsApp,mailto:?Subject=Deloitte%20review%20on%20Glassdoor&body=Read%20this%20review%20of%20Deloitte%20on%20Glassdoor.%20%22Don%27t%20waste%20time%20in%20this%20company%22%C2%A0undefined/Reviews/Employee-Review-Deloitte-RVW34356095.htm,Share via Email,https://www.glassdoor.sg/Reviews/undefined/Reviews/Employee-Review-Deloitte-RVW34356095.htm,Copy Link,Flag as Inappropriate
Current Employee - Associate,"July 21, 2020",https://www.glassdoor.sg/Reviews/Employee-Review-Deloitte-RVW34344174.htm,"""Deloitte""",2.0,,Doesn't Recommend,Neutral Outlook,,I have been working at Deloitte full-time,Pros,Big 4 and steady progression,Cons,Long hours and low pay,Share on Facebook,https://twitter.com/share?url=undefined/Reviews/Employee-Review-Deloitte-RVW34344174.htm&text=Deloitte+review+on+%23Glassdoor%3A+%22Deloitte%22,Share on Twitter,whatsapp://send?text=undefined/Reviews/Employee-Review-Deloitte-RVW34344174.htm,Share on WhatsApp,mailto:?Subject=Deloitte%20review%20on%20Glassdoor&body=Read%20this%20review%20of%20Deloitte%20on%20Glassdoor.%20%22Deloitte%22%C2%A0undefined/Reviews/Employee-Review-Deloitte-RVW34344174.htm,Share via Email,https://www.glassdoor.sg/Reviews/undefined/Reviews/Employee-Review-Deloitte-RVW34344174.htm,Copy Link,Flag as Inappropriate
Former Employee - Senior Auditor,"July 5, 2020",https://www.glassdoor.sg/Reviews/Employee-Review-Deloitte-RVW34054096.htm,"""Great!""",4.0,,Recommends,,,I worked at Deloitte full-time for more than a year,Pros,"Great people, benefits and structure",Cons,Working hours can be quite long,Share on Facebook,https://twitter.com/share?url=undefined/Reviews/Employee-Review-Deloitte-RVW34054096.htm&text=Deloitte+review+on+%23Glassdoor%3A+%22Great!%22,Share on Twitter,whatsapp://send?text=undefined/Reviews/Employee-Review-Deloitte-RVW34054096.htm,Share on WhatsApp,mailto:?Subject=Deloitte%20review%20on%20Glassdoor&body=Read%20this%20review%20of%20Deloitte%20on%20Glassdoor.%20%22Great!%22%C2%A0undefined/Reviews/Employee-Review-Deloitte-RVW34054096.htm,Share via Email,https://www.glassdoor.sg/Reviews/undefined/Reviews/Employee-Review-Deloitte-RVW34054096.htm,Copy Link,Flag as Inappropriate
Current Employee - Senior Consultant,"July 3, 2020",https://www.glassdoor.sg/Reviews/Employee-Review-Deloitte-RVW34035130.htm,"""NA""",4.0,in Singapore,,,,I have been working at Deloitte full-time for more than 3 years,Pros,Company give a good increment yearly,Cons,"Company did not give a lot bonus, more like AWS only",Share on Facebook,https://twitter.com/share?url=undefined/Reviews/Employee-Review-Deloitte-RVW34035130.htm&text=Deloitte+review+on+%23Glassdoor%3A+%22NA%22,Share on Twitter,whatsapp://send?text=undefined/Reviews/Employee-Review-Deloitte-RVW34035130.htm,Share on WhatsApp,mailto:?Subject=Deloitte%20review%20on%20Glassdoor&body=Read%20this%20review%20of%20Deloitte%20on%20Glassdoor.%20%22NA%22%C2%A0undefined/Reviews/Employee-Review-Deloitte-RVW34035130.htm,Share via Email,https://www.glassdoor.sg/Reviews/undefined/Reviews/Employee-Review-Deloitte-RVW34035130.htm,Copy Link,Flag as Inappropriate
Current Employee - Manager,"July 16, 2020",https://www.glassdoor.sg/Reviews/Employee-Review-Deloitte-RVW34275822.htm,"""good company""",3.0,in Singapore,,,,I have been working at Deloitte full-time,Pros,forward looking leadership global impact,Cons,salary less competitive brand value low,Share on Facebook,https://twitter.com/share?url=undefined/Reviews/Employee-Review-Deloitte-RVW34275822.htm&text=Deloitte+review+on+%23Glassdoor%3A+%22good%20company%22,Share on Twitter,whatsapp://send?text=undefined/Reviews/Employee-Review-Deloitte-RVW34275822.htm,Share on WhatsApp,mailto:?Subject=Deloitte%20review%20on%20Glassdoor&body=Read%20this%20review%20of%20Deloitte%20on%20Glassdoor.%20%22good%20company%22%C2%A0undefined/Reviews/Employee-Review-Deloitte-RVW34275822.htm,Share via Email,https://www.glassdoor.sg/Reviews/undefined/Reviews/Employee-Review-Deloitte-RVW34275822.htm,Copy Link,Flag as Inappropriate
Former Employee - Assistant Manager,"July 17, 2020",https://www.glassdoor.sg/Reviews/Employee-Review-Deloitte-RVW34293718.htm,"""Work, culture, and colleagues""",4.0,in Singapore,Recommends,Positive Outlook,No Opinion of CEO,I worked at Deloitte full-time for more than 3 years,Pros,Made good friends there. Worked hard there,Cons,No control over preference of engagement,Share on Facebook,"https://twitter.com/share?url=undefined/Reviews/Employee-Review-Deloitte-RVW34293718.htm&text=Deloitte+review+on+%23Glassdoor%3A+%22Work,%20culture,%20and%20colleagues%22",Share on Twitter,whatsapp://send?text=undefined/Reviews/Employee-Review-Deloitte-RVW34293718.htm,Share on WhatsApp,"mailto:?Subject=Deloitte%20review%20on%20Glassdoor&body=Read%20this%20review%20of%20Deloitte%20on%20Glassdoor.%20%22Work,%20culture,%20and%20colleagues%22%C2%A0undefined/Reviews/Employee-Review-Deloitte-RVW34293718.htm",Share via Email,https://www.glassdoor.sg/Reviews/undefined/Reviews/Employee-Review-Deloitte-RVW34293718.htm,Copy Link,Flag as Inappropriate
Current Employee - Anonymous Employee,"July 31, 2020",https://www.glassdoor.sg/Reviews/Employee-Review-Deloitte-RVW34553073.htm,"""Review""",3.0,,,,,I have been working at Deloitte full-time,Pros,Colleagues/ peers level are helpful.,Cons,"Managerial level seemed very hierarchy, not very approachable when comes to consulting.",Share on Facebook,https://twitter.com/share?url=undefined/Reviews/Employee-Review-Deloitte-RVW34553073.htm&text=Deloitte+review+on+%23Glassdoor%3A+%22Review%22,Share on Twitter,whatsapp://send?text=undefined/Reviews/Employee-Review-Deloitte-RVW34553073.htm,Share on WhatsApp,mailto:?Subject=Deloitte%20review%20on%20Glassdoor&body=Read%20this%20review%20of%20Deloitte%20on%20Glassdoor.%20%22Review%22%C2%A0undefined/Reviews/Employee-Review-Deloitte-RVW34553073.htm,Share via Email,https://www.glassdoor.sg/Reviews/undefined/Reviews/Employee-Review-Deloitte-RVW34553073.htm,Copy Link,Flag as Inappropriate
Current Employee - Experienced Audit Associate,"July 30, 2020",https://www.glassdoor.sg/Reviews/Employee-Review-Deloitte-RVW34528188.htm,"""Review of DT""",2.0,"in Bedok New Town, East",Doesn't Recommend,Neutral Outlook,No Opinion of CEO,I have been working at Deloitte full-time for more than a year,Pros,"People are generally nice,
Large office,
Exposure to different business",Cons,"high learning curve,
long hours,
at time redundant work,
task varies to opinion of different manager and partner,
manpower issue, 
lack of feedback from ground before implementation of new process,
Toxic culture of constant working OT and on the weekends,
Limited Training.",Share on Facebook,https://twitter.com/share?url=undefined/Reviews/Employee-Review-Deloitte-RVW34528188.htm&text=Deloitte+review+on+%23Glassdoor%3A+%22Review%20of%20DT%22,Share on Twitter,whatsapp://send?text=undefined/Reviews/Employee-Review-Deloitte-RVW34528188.htm,Share on WhatsApp,mailto:?Subject=Deloitte%20review%20on%20Glassdoor&body=Read%20this%20review%20of%20Deloitte%20on%20Glassdoor.%20%22Review%20of%20DT%22%C2%A0undefined/Reviews/Employee-Review-Deloitte-RVW34528188.htm,Share via Email,https://www.glassdoor.sg/Reviews/undefined/Reviews/Employee-Review-Deloitte-RVW34528188.htm,Copy Link,Flag as Inappropriate
Former Employee - Business Analyst,"July 4, 2020",https://www.glassdoor.sg/Reviews/Employee-Review-Deloitte-RVW34050393.htm,"""Consulting analyst""",5.0,in Singapore,Recommends,Positive Outlook,Approves of CEO,I worked at Deloitte full-time for more than a year,Pros,Good progression and learning experience,Cons,Long hours during tight deadlines,Share on Facebook,https://twitter.com/share?url=undefined/Reviews/Employee-Review-Deloitte-RVW34050393.htm&text=Deloitte+review+on+%23Glassdoor%3A+%22Consulting%20analyst%22,Share on Twitter,whatsapp://send?text=undefined/Reviews/Employee-Review-Deloitte-RVW34050393.htm,Share on WhatsApp,mailto:?Subject=Deloitte%20review%20on%20Glassdoor&body=Read%20this%20review%20of%20Deloitte%20on%20Glassdoor.%20%22Consulting%20analyst%22%C2%A0undefined/Reviews/Employee-Review-Deloitte-RVW34050393.htm,Share via Email,https://www.glassdoor.sg/Reviews/undefined/Reviews/Employee-Review-Deloitte-RVW34050393.htm,Copy Link,Flag as Inappropriate
Former Employee - Manager,"July 21, 2020",https://www.glassdoor.sg/Reviews/Employee-Review-Deloitte-RVW34356095.htm,"""Don't waste time in this company""",2.0,in Singapore,Doesn't Recommend,Negative Outlook,,I worked at Deloitte full-time for less than a year,Pros,"Nothing much, except unlimited leave. But you won't have time to take leave.",Cons,Be surprised that anyone can claimed as Subject Matter Experts. The quality of work is a big question mark,Share on Facebook,https://twitter.com/share?url=undefined/Reviews/Employee-Review-Deloitte-RVW34356095.htm&text=Deloitte+review+on+%23Glassdoor%3A+%22Don%27t%20waste%20time%20in%20this%20company%22,Share on Twitter,whatsapp://send?text=undefined/Reviews/Employee-Review-Deloitte-RVW34356095.htm,Share on WhatsApp,mailto:?Subject=Deloitte%20review%20on%20Glassdoor&body=Read%20this%20review%20of%20Deloitte%20on%20Glassdoor.%20%22Don%27t%20waste%20time%20in%20this%20company%22%C2%A0undefined/Reviews/Employee-Review-Deloitte-RVW34356095.htm,Share via Email,https://www.glassdoor.sg/Reviews/undefined/Reviews/Employee-Review-Deloitte-RVW34356095.htm,Copy Link,Flag as Inappropriate
Current Employee - Associate,"July 21, 2020",https://www.glassdoor.sg/Reviews/Employee-Review-Deloitte-RVW34344174.htm,"""Deloitte""",2.0,,Doesn't Recommend,Neutral Outlook,,I have been working at Deloitte full-time,Pros,Big 4 and steady progression,Cons,Long hours and low pay,Share on Facebook,https://twitter.com/share?url=undefined/Reviews/Employee-Review-Deloitte-RVW34344174.htm&text=Deloitte+review+on+%23Glassdoor%3A+%22Deloitte%22,Share on Twitter,whatsapp://send?text=undefined/Reviews/Employee-Review-Deloitte-RVW34344174.htm,Share on WhatsApp,mailto:?Subject=Deloitte%20review%20on%20Glassdoor&body=Read%20this%20review%20of%20Deloitte%20on%20Glassdoor.%20%22Deloitte%22%C2%A0undefined/Reviews/Employee-Review-Deloitte-RVW34344174.htm,Share via Email,https://www.glassdoor.sg/Reviews/undefined/Reviews/Employee-Review-Deloitte-RVW34344174.htm,Copy Link,Flag as Inappropriate
Former Employee - Senior Auditor,"July 5, 2020",https://www.glassdoor.sg/Reviews/Employee-Review-Deloitte-RVW34054096.htm,"""Great!""",4.0,,Recommends,,,I worked at Deloitte full-time for more than a year,Pros,"Great people, benefits and structure",Cons,Working hours can be quite long,Share on Facebook,https://twitter.com/share?url=undefined/Reviews/Employee-Review-Deloitte-RVW34054096.htm&text=Deloitte+review+on+%23Glassdoor%3A+%22Great!%22,Share on Twitter,whatsapp://send?text=undefined/Reviews/Employee-Review-Deloitte-RVW34054096.htm,Share on WhatsApp,mailto:?Subject=Deloitte%20review%20on%20Glassdoor&body=Read%20this%20review%20of%20Deloitte%20on%20Glassdoor.%20%22Great!%22%C2%A0undefined/Reviews/Employee-Review-Deloitte-RVW34054096.htm,Share via Email,https://www.glassdoor.sg/Reviews/undefined/Reviews/Employee-Review-Deloitte-RVW34054096.htm,Copy Link,Flag as Inappropriate
Current Employee - Senior Consultant,"July 3, 2020",https://www.glassdoor.sg/Reviews/Employee-Review-Deloitte-RVW34035130.htm,"""NA""",4.0,in Singapore,,,,I have been working at Deloitte full-time for more than 3 years,Pros,Company give a good increment yearly,Cons,"Company did not give a lot bonus, more like AWS only",Share on Facebook,https://twitter.com/share?url=undefined/Reviews/Employee-Review-Deloitte-RVW34035130.htm&text=Deloitte+review+on+%23Glassdoor%3A+%22NA%22,Share on Twitter,whatsapp://send?text=undefined/Reviews/Employee-Review-Deloitte-RVW34035130.htm,Share on WhatsApp,mailto:?Subject=Deloitte%20review%20on%20Glassdoor&body=Read%20this%20review%20of%20Deloitte%20on%20Glassdoor.%20%22NA%22%C2%A0undefined/Reviews/Employee-Review-Deloitte-RVW34035130.htm,Share via Email,https://www.glassdoor.sg/Reviews/undefined/Reviews/Employee-Review-Deloitte-RVW34035130.htm,Copy Link,Flag as Inappropriate
Current Employee - Manager,"July 16, 2020",https://www.glassdoor.sg/Reviews/Employee-Review-Deloitte-RVW34275822.htm,"""good company""",3.0,in Singapore,,,,I have been working at Deloitte full-time,Pros,forward looking leadership global impact,Cons,salary less competitive brand value low,Share on Facebook,https://twitter.com/share?url=undefined/Reviews/Employee-Review-Deloitte-RVW34275822.htm&text=Deloitte+review+on+%23Glassdoor%3A+%22good%20company%22,Share on Twitter,whatsapp://send?text=undefined/Reviews/Employee-Review-Deloitte-RVW34275822.htm,Share on WhatsApp,mailto:?Subject=Deloitte%20review%20on%20Glassdoor&body=Read%20this%20review%20of%20Deloitte%20on%20Glassdoor.%20%22good%20company%22%C2%A0undefined/Reviews/Employee-Review-Deloitte-RVW34275822.htm,Share via Email,https://www.glassdoor.sg/Reviews/undefined/Reviews/Employee-Review-Deloitte-RVW34275822.htm,Copy Link,Flag as Inappropriate
Former Employee - Assistant Manager,"July 17, 2020",https://www.glassdoor.sg/Reviews/Employee-Review-Deloitte-RVW34293718.htm,"""Work, culture, and colleagues""",4.0,in Singapore,Recommends,Positive Outlook,No Opinion of CEO,I worked at Deloitte full-time for more than 3 years,Pros,Made good friends there. Worked hard there,Cons,No control over preference of engagement,Share on Facebook,"https://twitter.com/share?url=undefined/Reviews/Employee-Review-Deloitte-RVW34293718.htm&text=Deloitte+review+on+%23Glassdoor%3A+%22Work,%20culture,%20and%20colleagues%22",Share on Twitter,whatsapp://send?text=undefined/Reviews/Employee-Review-Deloitte-RVW34293718.htm,Share on WhatsApp,"mailto:?Subject=Deloitte%20review%20on%20Glassdoor&body=Read%20this%20review%20of%20Deloitte%20on%20Glassdoor.%20%22Work,%20culture,%20and%20colleagues%22%C2%A0undefined/Reviews/Employee-Review-Deloitte-RVW34293718.htm",Share via Email,https://www.glassdoor.sg/Reviews/undefined/Reviews/Employee-Review-Deloitte-RVW34293718.htm,Copy Link,Flag as Inappropriate
Current Employee - Anonymous Employee,"July 31, 2020",https://www.glassdoor.sg/Reviews/Employee-Review-Deloitte-RVW34553073.htm,"""Review""",3.0,,,,,I have been working at Deloitte full-time,Pros,Colleagues/ peers level are helpful.,Cons,"Managerial level seemed very hierarchy, not very approachable when comes to consulting.",Share on Facebook,https://twitter.com/share?url=undefined/Reviews/Employee-Review-Deloitte-RVW34553073.htm&text=Deloitte+review+on+%23Glassdoor%3A+%22Review%22,Share on Twitter,whatsapp://send?text=undefined/Reviews/Employee-Review-Deloitte-RVW34553073.htm,Share on WhatsApp,mailto:?Subject=Deloitte%20review%20on%20Glassdoor&body=Read%20this%20review%20of%20Deloitte%20on%20Glassdoor.%20%22Review%22%C2%A0undefined/Reviews/Employee-Review-Deloitte-RVW34553073.htm,Share via Email,https://www.glassdoor.sg/Reviews/undefined/Reviews/Employee-Review-Deloitte-RVW34553073.htm,Copy Link,Flag as Inappropriate
Current Employee - Experienced Audit Associate,"July 30, 2020",https://www.glassdoor.sg/Reviews/Employee-Review-Deloitte-RVW34528188.htm,"""Review of DT""",2.0,"in Bedok New Town, East",Doesn't Recommend,Neutral Outlook,No Opinion of CEO,I have been working at Deloitte full-time for more than a year,Pros,"People are generally nice,
Large office,
Exposure to different business",Cons,"high learning curve,
long hours,
at time redundant work,
task varies to opinion of different manager and partner,
manpower issue, 
lack of feedback from ground before implementation of new process,
Toxic culture of constant working OT and on the weekends,
Limited Training.",Share on Facebook,https://twitter.com/share?url=undefined/Reviews/Employee-Review-Deloitte-RVW34528188.htm&text=Deloitte+review+on+%23Glassdoor%3A+%22Review%20of%20DT%22,Share on Twitter,whatsapp://send?text=undefined/Reviews/Employee-Review-Deloitte-RVW34528188.htm,Share on WhatsApp,mailto:?Subject=Deloitte%20review%20on%20Glassdoor&body=Read%20this%20review%20of%20Deloitte%20on%20Glassdoor.%20%22Review%20of%20DT%22%C2%A0undefined/Reviews/Employee-Review-Deloitte-RVW34528188.htm,Share via Email,https://www.glassdoor.sg/Reviews/undefined/Reviews/Employee-Review-Deloitte-RVW34528188.htm,Copy Link,Flag as Inappropriate
Former Employee - Business Analyst,"July 4, 2020",https://www.glassdoor.sg/Reviews/Employee-Review-Deloitte-RVW34050393.htm,"""Consulting analyst""",5.0,in Singapore,Recommends,Positive Outlook,Approves of CEO,I worked at Deloitte full-time for more than a year,Pros,Good progression and learning experience,Cons,Long hours during tight deadlines,Share on Facebook,https://twitter.com/share?url=undefined/Reviews/Employee-Review-Deloitte-RVW34050393.htm&text=Deloitte+review+on+%23Glassdoor%3A+%22Consulting%20analyst%22,Share on Twitter,whatsapp://send?text=undefined/Reviews/Employee-Review-Deloitte-RVW34050393.htm,Share on WhatsApp,mailto:?Subject=Deloitte%20review%20on%20Glassdoor&body=Read%20this%20review%20of%20Deloitte%20on%20Glassdoor.%20%22Consulting%20analyst%22%C2%A0undefined/Reviews/Employee-Review-Deloitte-RVW34050393.htm,Share via Email,https://www.glassdoor.sg/Reviews/undefined/Reviews/Employee-Review-Deloitte-RVW34050393.htm,Copy Link,Flag as Inappropriate
Former Employee - Manager,"July 21, 2020",https://www.glassdoor.sg/Reviews/Employee-Review-Deloitte-RVW34356095.htm,"""Don't waste time in this company""",2.0,in Singapore,Doesn't Recommend,Negative Outlook,,I worked at Deloitte full-time for less than a year,Pros,"Nothing much, except unlimited leave. But you won't have time to take leave.",Cons,Be surprised that anyone can claimed as Subject Matter Experts. The quality of work is a big question mark,Share on Facebook,https://twitter.com/share?url=undefined/Reviews/Employee-Review-Deloitte-RVW34356095.htm&text=Deloitte+review+on+%23Glassdoor%3A+%22Don%27t%20waste%20time%20in%20this%20company%22,Share on Twitter,whatsapp://send?text=undefined/Reviews/Employee-Review-Deloitte-RVW34356095.htm,Share on WhatsApp,mailto:?Subject=Deloitte%20review%20on%20Glassdoor&body=Read%20this%20review%20of%20Deloitte%20on%20Glassdoor.%20%22Don%27t%20waste%20time%20in%20this%20company%22%C2%A0undefined/Reviews/Employee-Review-Deloitte-RVW34356095.htm,Share via Email,https://www.glassdoor.sg/Reviews/undefined/Reviews/Employee-Review-Deloitte-RVW34356095.htm,Copy Link,Flag as Inappropriate
Current Employee - Associate,"July 21, 2020",https://www.glassdoor.sg/Reviews/Employee-Review-Deloitte-RVW34344174.htm,"""Deloitte""",2.0,,Doesn't Recommend,Neutral Outlook,,I have been working at Deloitte full-time,Pros,Big 4 and steady progression,Cons,Long hours and low pay,Share on Facebook,https://twitter.com/share?url=undefined/Reviews/Employee-Review-Deloitte-RVW34344174.htm&text=Deloitte+review+on+%23Glassdoor%3A+%22Deloitte%22,Share on Twitter,whatsapp://send?text=undefined/Reviews/Employee-Review-Deloitte-RVW34344174.htm,Share on WhatsApp,mailto:?Subject=Deloitte%20review%20on%20Glassdoor&body=Read%20this%20review%20of%20Deloitte%20on%20Glassdoor.%20%22Deloitte%22%C2%A0undefined/Reviews/Employee-Review-Deloitte-RVW34344174.htm,Share via Email,https://www.glassdoor.sg/Reviews/undefined/Reviews/Employee-Review-Deloitte-RVW34344174.htm,Copy Link,Flag as Inappropriate
Former Employee - Senior Auditor,"July 5, 2020",https://www.glassdoor.sg/Reviews/Employee-Review-Deloitte-RVW34054096.htm,"""Great!""",4.0,,Recommends,,,I worked at Deloitte full-time for more than a year,Pros,"Great people, benefits and structure",Cons,Working hours can be quite long,Share on Facebook,https://twitter.com/share?url=undefined/Reviews/Employee-Review-Deloitte-RVW34054096.htm&text=Deloitte+review+on+%23Glassdoor%3A+%22Great!%22,Share on Twitter,whatsapp://send?text=undefined/Reviews/Employee-Review-Deloitte-RVW34054096.htm,Share on WhatsApp,mailto:?Subject=Deloitte%20review%20on%20Glassdoor&body=Read%20this%20review%20of%20Deloitte%20on%20Glassdoor.%20%22Great!%22%C2%A0undefined/Reviews/Employee-Review-Deloitte-RVW34054096.htm,Share via Email,https://www.glassdoor.sg/Reviews/undefined/Reviews/Employee-Review-Deloitte-RVW34054096.htm,Copy Link,Flag as Inappropriate
Current Employee - Senior Consultant,"July 3, 2020",https://www.glassdoor.sg/Reviews/Employee-Review-Deloitte-RVW34035130.htm,"""NA""",4.0,in Singapore,,,,I have been working at Deloitte full-time for more than 3 years,Pros,Company give a good increment yearly,Cons,"Company did not give a lot bonus, more like AWS only",Share on Facebook,https://twitter.com/share?url=undefined/Reviews/Employee-Review-Deloitte-RVW34035130.htm&text=Deloitte+review+on+%23Glassdoor%3A+%22NA%22,Share on Twitter,whatsapp://send?text=undefined/Reviews/Employee-Review-Deloitte-RVW34035130.htm,Share on WhatsApp,mailto:?Subject=Deloitte%20review%20on%20Glassdoor&body=Read%20this%20review%20of%20Deloitte%20on%20Glassdoor.%20%22NA%22%C2%A0undefined/Reviews/Employee-Review-Deloitte-RVW34035130.htm,Share via Email,https://www.glassdoor.sg/Reviews/undefined/Reviews/Employee-Review-Deloitte-RVW34035130.htm,Copy Link,Flag as Inappropriate
Current Employee - Manager,"July 16, 2020",https://www.glassdoor.sg/Reviews/Employee-Review-Deloitte-RVW34275822.htm,"""good company""",3.0,in Singapore,,,,I have been working at Deloitte full-time,Pros,forward looking leadership global impact,Cons,salary less competitive brand value low,Share on Facebook,https://twitter.com/share?url=undefined/Reviews/Employee-Review-Deloitte-RVW34275822.htm&text=Deloitte+review+on+%23Glassdoor%3A+%22good%20company%22,Share on Twitter,whatsapp://send?text=undefined/Reviews/Employee-Review-Deloitte-RVW34275822.htm,Share on WhatsApp,mailto:?Subject=Deloitte%20review%20on%20Glassdoor&body=Read%20this%20review%20of%20Deloitte%20on%20Glassdoor.%20%22good%20company%22%C2%A0undefined/Reviews/Employee-Review-Deloitte-RVW34275822.htm,Share via Email,https://www.glassdoor.sg/Reviews/undefined/Reviews/Employee-Review-Deloitte-RVW34275822.htm,Copy Link,Flag as Inappropriate
Former Employee - Assistant Manager,"July 17, 2020",https://www.glassdoor.sg/Reviews/Employee-Review-Deloitte-RVW34293718.htm,"""Work, culture, and colleagues""",4.0,in Singapore,Recommends,Positive Outlook,No Opinion of CEO,I worked at Deloitte full-time for more than 3 years,Pros,Made good friends there. Worked hard there,Cons,No control over preference of engagement,Share on Facebook,"https://twitter.com/share?url=undefined/Reviews/Employee-Review-Deloitte-RVW34293718.htm&text=Deloitte+review+on+%23Glassdoor%3A+%22Work,%20culture,%20and%20colleagues%22",Share on Twitter,whatsapp://send?text=undefined/Reviews/Employee-Review-Deloitte-RVW34293718.htm,Share on WhatsApp,"mailto:?Subject=Deloitte%20review%20on%20Glassdoor&body=Read%20this%20review%20of%20Deloitte%20on%20Glassdoor.%20%22Work,%20culture,%20and%20colleagues%22%C2%A0undefined/Reviews/Employee-Review-Deloitte-RVW34293718.htm",Share via Email,https://www.glassdoor.sg/Reviews/undefined/Reviews/Employee-Review-Deloitte-RVW34293718.htm,Copy Link,Flag as Inappropriate
Current Employee - Anonymous Employee,"July 31, 2020",https://www.glassdoor.sg/Reviews/Employee-Review-Deloitte-RVW34553073.htm,"""Review""",3.0,,,,,I have been working at Deloitte full-time,Pros,Colleagues/ peers level are helpful.,Cons,"Managerial level seemed very hierarchy, not very approachable when comes to consulting.",Share on Facebook,https://twitter.com/share?url=undefined/Reviews/Employee-Review-Deloitte-RVW34553073.htm&text=Deloitte+review+on+%23Glassdoor%3A+%22Review%22,Share on Twitter,whatsapp://send?text=undefined/Reviews/Employee-Review-Deloitte-RVW34553073.htm,Share on WhatsApp,mailto:?Subject=Deloitte%20review%20on%20Glassdoor&body=Read%20this%20review%20of%20Deloitte%20on%20Glassdoor.%20%22Review%22%C2%A0undefined/Reviews/Employee-Review-Deloitte-RVW34553073.htm,Share via Email,https://www.glassdoor.sg/Reviews/undefined/Reviews/Employee-Review-Deloitte-RVW34553073.htm,Copy Link,Flag as Inappropriate
Current Employee - Experienced Audit Associate,"July 30, 2020",https://www.glassdoor.sg/Reviews/Employee-Review-Deloitte-RVW34528188.htm,"""Review of DT""",2.0,"in Bedok New Town, East",Doesn't Recommend,Neutral Outlook,No Opinion of CEO,I have been working at Deloitte full-time for more than a year,Pros,"People are generally nice,
Large office,
Exposure to different business",Cons,"high learning curve,
long hours,
at time redundant work,
task varies to opinion of different manager and partner,
manpower issue, 
lack of feedback from ground before implementation of new process,
Toxic culture of constant working OT and on the weekends,
Limited Training.",Share on Facebook,https://twitter.com/share?url=undefined/Reviews/Employee-Review-Deloitte-RVW34528188.htm&text=Deloitte+review+on+%23Glassdoor%3A+%22Review%20of%20DT%22,Share on Twitter,whatsapp://send?text=undefined/Reviews/Employee-Review-Deloitte-RVW34528188.htm,Share on WhatsApp,mailto:?Subject=Deloitte%20review%20on%20Glassdoor&body=Read%20this%20review%20of%20Deloitte%20on%20Glassdoor.%20%22Review%20of%20DT%22%C2%A0undefined/Reviews/Employee-Review-Deloitte-RVW34528188.htm,Share via Email,https://www.glassdoor.sg/Reviews/undefined/Reviews/Employee-Review-Deloitte-RVW34528188.htm,Copy Link,Flag as Inappropriate
Former Employee - Business Analyst,"July 4, 2020",https://www.glassdoor.sg/Reviews/Employee-Review-Deloitte-RVW34050393.htm,"""Consulting analyst""",5.0,in Singapore,Recommends,Positive Outlook,Approves of CEO,I worked at Deloitte full-time for more than a year,Pros,Good progression and learning experience,Cons,Long hours during tight deadlines,Share on Facebook,https://twitter.com/share?url=undefined/Reviews/Employee-Review-Deloitte-RVW34050393.htm&text=Deloitte+review+on+%23Glassdoor%3A+%22Consulting%20analyst%22,Share on Twitter,whatsapp://send?text=undefined/Reviews/Employee-Review-Deloitte-RVW34050393.htm,Share on WhatsApp,mailto:?Subject=Deloitte%20review%20on%20Glassdoor&body=Read%20this%20review%20of%20Deloitte%20on%20Glassdoor.%20%22Consulting%20analyst%22%C2%A0undefined/Reviews/Employee-Review-Deloitte-RVW34050393.htm,Share via Email,https://www.glassdoor.sg/Reviews/undefined/Reviews/Employee-Review-Deloitte-RVW34050393.htm,Copy Link,Flag as Inappropriate
Former Employee - Manager,"July 21, 2020",https://www.glassdoor.sg/Reviews/Employee-Review-Deloitte-RVW34356095.htm,"""Don't waste time in this company""",2.0,in Singapore,Doesn't Recommend,Negative Outlook,,I worked at Deloitte full-time for less than a year,Pros,"Nothing much, except unlimited leave. But you won't have time to take leave.",Cons,Be surprised that anyone can claimed as Subject Matter Experts. The quality of work is a big question mark,Share on Facebook,https://twitter.com/share?url=undefined/Reviews/Employee-Review-Deloitte-RVW34356095.htm&text=Deloitte+review+on+%23Glassdoor%3A+%22Don%27t%20waste%20time%20in%20this%20company%22,Share on Twitter,whatsapp://send?text=undefined/Reviews/Employee-Review-Deloitte-RVW34356095.htm,Share on WhatsApp,mailto:?Subject=Deloitte%20review%20on%20Glassdoor&body=Read%20this%20review%20of%20Deloitte%20on%20Glassdoor.%20%22Don%27t%20waste%20time%20in%20this%20company%22%C2%A0undefined/Reviews/Employee-Review-Deloitte-RVW34356095.htm,Share via Email,https://www.glassdoor.sg/Reviews/undefined/Reviews/Employee-Review-Deloitte-RVW34356095.htm,Copy Link,Flag as Inappropriate
Current Employee - Associate,"July 21, 2020",https://www.glassdoor.sg/Reviews/Employee-Review-Deloitte-RVW34344174.htm,"""Deloitte""",2.0,,Doesn't Recommend,Neutral Outlook,,I have been working at Deloitte full-time,Pros,Big 4 and steady progression,Cons,Long hours and low pay,Share on Facebook,https://twitter.com/share?url=undefined/Reviews/Employee-Review-Deloitte-RVW34344174.htm&text=Deloitte+review+on+%23Glassdoor%3A+%22Deloitte%22,Share on Twitter,whatsapp://send?text=undefined/Reviews/Employee-Review-Deloitte-RVW34344174.htm,Share on WhatsApp,mailto:?Subject=Deloitte%20review%20on%20Glassdoor&body=Read%20this%20review%20of%20Deloitte%20on%20Glassdoor.%20%22Deloitte%22%C2%A0undefined/Reviews/Employee-Review-Deloitte-RVW34344174.htm,Share via Email,https://www.glassdoor.sg/Reviews/undefined/Reviews/Employee-Review-Deloitte-RVW34344174.htm,Copy Link,Flag as Inappropriate
Former Employee - Senior Auditor,"July 5, 2020",https://www.glassdoor.sg/Reviews/Employee-Review-Deloitte-RVW34054096.htm,"""Great!""",4.0,,Recommends,,,I worked at Deloitte full-time for more than a year,Pros,"Great people, benefits and structure",Cons,Working hours can be quite long,Share on Facebook,https://twitter.com/share?url=undefined/Reviews/Employee-Review-Deloitte-RVW34054096.htm&text=Deloitte+review+on+%23Glassdoor%3A+%22Great!%22,Share on Twitter,whatsapp://send?text=undefined/Reviews/Employee-Review-Deloitte-RVW34054096.htm,Share on WhatsApp,mailto:?Subject=Deloitte%20review%20on%20Glassdoor&body=Read%20this%20review%20of%20Deloitte%20on%20Glassdoor.%20%22Great!%22%C2%A0undefined/Reviews/Employee-Review-Deloitte-RVW34054096.htm,Share via Email,https://www.glassdoor.sg/Reviews/undefined/Reviews/Employee-Review-Deloitte-RVW34054096.htm,Copy Link,Flag as Inappropriate
Current Employee - Senior Consultant,"July 3, 2020",https://www.glassdoor.sg/Reviews/Employee-Review-Deloitte-RVW34035130.htm,"""NA""",4.0,in Singapore,,,,I have been working at Deloitte full-time for more than 3 years,Pros,Company give a good increment yearly,Cons,"Company did not give a lot bonus, more like AWS only",Share on Facebook,https://twitter.com/share?url=undefined/Reviews/Employee-Review-Deloitte-RVW34035130.htm&text=Deloitte+review+on+%23Glassdoor%3A+%22NA%22,Share on Twitter,whatsapp://send?text=undefined/Reviews/Employee-Review-Deloitte-RVW34035130.htm,Share on WhatsApp,mailto:?Subject=Deloitte%20review%20on%20Glassdoor&body=Read%20this%20review%20of%20Deloitte%20on%20Glassdoor.%20%22NA%22%C2%A0undefined/Reviews/Employee-Review-Deloitte-RVW34035130.htm,Share via Email,https://www.glassdoor.sg/Reviews/undefined/Reviews/Employee-Review-Deloitte-RVW34035130.htm,Copy Link,Flag as Inappropriate
Current Employee - Manager,"July 16, 2020",https://www.glassdoor.sg/Reviews/Employee-Review-Deloitte-RVW34275822.htm,"""good company""",3.0,in Singapore,,,,I have been working at Deloitte full-time,Pros,forward looking leadership global impact,Cons,salary less competitive brand value low,Share on Facebook,https://twitter.com/share?url=undefined/Reviews/Employee-Review-Deloitte-RVW34275822.htm&text=Deloitte+review+on+%23Glassdoor%3A+%22good%20company%22,Share on Twitter,whatsapp://send?text=undefined/Reviews/Employee-Review-Deloitte-RVW34275822.htm,Share on WhatsApp,mailto:?Subject=Deloitte%20review%20on%20Glassdoor&body=Read%20this%20review%20of%20Deloitte%20on%20Glassdoor.%20%22good%20company%22%C2%A0undefined/Reviews/Employee-Review-Deloitte-RVW34275822.htm,Share via Email,https://www.glassdoor.sg/Reviews/undefined/Reviews/Employee-Review-Deloitte-RVW34275822.htm,Copy Link,Flag as Inappropriate