﻿Title,Date,View_URL,View,View1,middle,colsm4,colsm42,colsm43,maintext,View4,View5,View6,View7,socialshareicon,socialshareicon_URL,socialshareicon8,socialshareicon_URL9,socialshareicon10,socialshareicon_URL11,socialshareicon12,Content
Current Employee - Engagement Manager,"September 17, 2020",https://www.glassdoor.sg/Reviews/Employee-Review-McKinsey-and-Company-RVW36093441.htm,"""Great place to work""",5.0,in Singapore,Recommends,Positive Outlook,Approves of CEO,I have been working at McKinsey & Company full-time for more than 5 years,Pros,"Flexibility, people, diversity of projects",Cons,"Intensity, work hours, difficult to balance with. kids",Share on Facebook,https://twitter.com/share?url=undefined/Reviews/Employee-Review-McKinsey-and-Company-RVW36093441.htm&text=McKinsey%20%26%20Company+review+on+%23Glassdoor%3A+%22Great%20place%20to%20work%22,Share on Twitter,mailto:?Subject=McKinsey%20&%20Company%20review%20on%20Glassdoor&body=Read%20this%20review%20of%20McKinsey%20&%20Company%20on%20Glassdoor.%20%22Great%20place%20to%20work%22%C2%A0undefined/Reviews/Employee-Review-McKinsey-and-Company-RVW36093441.htm,Share via Email,https://www.glassdoor.sg/Reviews/undefined/Reviews/Employee-Review-McKinsey-and-Company-RVW36093441.htm,Copy Link,Flag as Inappropriate
Former Employee - Engagement Manager,"July 19, 2020",https://www.glassdoor.sg/Reviews/Employee-Review-McKinsey-and-Company-RVW34316565.htm,"""Great place""",5.0,in Singapore,,,,I worked at McKinsey & Company full-time,Pros,Finishing school for business sjills,Cons,Work life balances but very clear,Share on Facebook,https://twitter.com/share?url=undefined/Reviews/Employee-Review-McKinsey-and-Company-RVW34316565.htm&text=McKinsey%20%26%20Company+review+on+%23Glassdoor%3A+%22Great%20place%22,Share on Twitter,mailto:?Subject=McKinsey%20&%20Company%20review%20on%20Glassdoor&body=Read%20this%20review%20of%20McKinsey%20&%20Company%20on%20Glassdoor.%20%22Great%20place%22%C2%A0undefined/Reviews/Employee-Review-McKinsey-and-Company-RVW34316565.htm,Share via Email,https://www.glassdoor.sg/Reviews/undefined/Reviews/Employee-Review-McKinsey-and-Company-RVW34316565.htm,Copy Link,Flag as Inappropriate
Current Employee - Senior Aassociate,"August 26, 2020",https://www.glassdoor.sg/Reviews/Employee-Review-McKinsey-and-Company-RVW35299010.htm,"""Single country favouritism""",1.0,in Singapore,,,,I have been working at McKinsey & Company full-time,Pros,Good benefits health insurance best I've ever seen,Cons,Office full of a particular nationality - cronyism,Share on Facebook,https://twitter.com/share?url=undefined/Reviews/Employee-Review-McKinsey-and-Company-RVW35299010.htm&text=McKinsey%20%26%20Company+review+on+%23Glassdoor%3A+%22Single%20country%20favouritism%22,Share on Twitter,mailto:?Subject=McKinsey%20&%20Company%20review%20on%20Glassdoor&body=Read%20this%20review%20of%20McKinsey%20&%20Company%20on%20Glassdoor.%20%22Single%20country%20favouritism%22%C2%A0undefined/Reviews/Employee-Review-McKinsey-and-Company-RVW35299010.htm,Share via Email,https://www.glassdoor.sg/Reviews/undefined/Reviews/Employee-Review-McKinsey-and-Company-RVW35299010.htm,Copy Link,Flag as Inappropriate
Current Employee - MBA Student,"July 20, 2020",https://www.glassdoor.sg/Reviews/Employee-Review-McKinsey-and-Company-RVW34340553.htm,"""Great""",5.0,in Singapore,,,,I have been working at McKinsey & Company full-time,Pros,Great just great - a dream job,Cons,Nothing just nothing - a great job,Share on Facebook,https://twitter.com/share?url=undefined/Reviews/Employee-Review-McKinsey-and-Company-RVW34340553.htm&text=McKinsey%20%26%20Company+review+on+%23Glassdoor%3A+%22Great%22,Share on Twitter,mailto:?Subject=McKinsey%20&%20Company%20review%20on%20Glassdoor&body=Read%20this%20review%20of%20McKinsey%20&%20Company%20on%20Glassdoor.%20%22Great%22%C2%A0undefined/Reviews/Employee-Review-McKinsey-and-Company-RVW34340553.htm,Share via Email,https://www.glassdoor.sg/Reviews/undefined/Reviews/Employee-Review-McKinsey-and-Company-RVW34340553.htm,Copy Link,Flag as Inappropriate
Former Employee - Anonymous Employee,"May 22, 2020",https://www.glassdoor.sg/Reviews/Employee-Review-McKinsey-and-Company-RVW33308758.htm,"""Steep learning curve""",5.0,in Singapore,Recommends,Positive Outlook,,I worked at McKinsey & Company full-time for more than 3 years,Pros,Top notch people. Every possible tool and support to amplify productivity. Learn to problem solve ambiguity,Cons,Living on the road can get tedious.,Share on Facebook,https://twitter.com/share?url=undefined/Reviews/Employee-Review-McKinsey-and-Company-RVW33308758.htm&text=McKinsey%20%26%20Company+review+on+%23Glassdoor%3A+%22Steep%20learning%20curve%22,Share on Twitter,mailto:?Subject=McKinsey%20&%20Company%20review%20on%20Glassdoor&body=Read%20this%20review%20of%20McKinsey%20&%20Company%20on%20Glassdoor.%20%22Steep%20learning%20curve%22%C2%A0undefined/Reviews/Employee-Review-McKinsey-and-Company-RVW33308758.htm,Share via Email,https://www.glassdoor.sg/Reviews/undefined/Reviews/Employee-Review-McKinsey-and-Company-RVW33308758.htm,Copy Link,Flag as Inappropriate
Current Employee - Associate Partner,"May 2, 2020",https://www.glassdoor.sg/Reviews/Employee-Review-McKinsey-and-Company-RVW32987940.htm,"""One the best places to work""",5.0,in Singapore,Recommends,Neutral Outlook,Approves of CEO,I have been working at McKinsey & Company full-time for more than 10 years,Pros,Get to work on the latest in business management,Cons,"Travel, high pressure, Long hours",Share on Facebook,https://twitter.com/share?url=undefined/Reviews/Employee-Review-McKinsey-and-Company-RVW32987940.htm&text=McKinsey%20%26%20Company+review+on+%23Glassdoor%3A+%22One%20the%20best%20places%20to%20work%22,Share on Twitter,mailto:?Subject=McKinsey%20&%20Company%20review%20on%20Glassdoor&body=Read%20this%20review%20of%20McKinsey%20&%20Company%20on%20Glassdoor.%20%22One%20the%20best%20places%20to%20work%22%C2%A0undefined/Reviews/Employee-Review-McKinsey-and-Company-RVW32987940.htm,Share via Email,https://www.glassdoor.sg/Reviews/undefined/Reviews/Employee-Review-McKinsey-and-Company-RVW32987940.htm,Copy Link,Flag as Inappropriate
Current Employee - Engagement Manager,"March 29, 2020",https://www.glassdoor.sg/Reviews/Employee-Review-McKinsey-and-Company-RVW32530822.htm,"""McK ASO""",5.0,,Recommends,Positive Outlook,Approves of CEO,I have been working at McKinsey & Company full-time for more than 5 years,Pros,developmental culture; exposure to challenging situations,Cons,"lifestyle, travel schedule in ASO",Share on Facebook,https://twitter.com/share?url=undefined/Reviews/Employee-Review-McKinsey-and-Company-RVW32530822.htm&text=McKinsey%20%26%20Company+review+on+%23Glassdoor%3A+%22McK%20ASO%22,Share on Twitter,mailto:?Subject=McKinsey%20&%20Company%20review%20on%20Glassdoor&body=Read%20this%20review%20of%20McKinsey%20&%20Company%20on%20Glassdoor.%20%22McK%20ASO%22%C2%A0undefined/Reviews/Employee-Review-McKinsey-and-Company-RVW32530822.htm,Share via Email,https://www.glassdoor.sg/Reviews/undefined/Reviews/Employee-Review-McKinsey-and-Company-RVW32530822.htm,Copy Link,Flag as Inappropriate
Current Employee - Senior Engagement Manager,"March 3, 2020",https://www.glassdoor.sg/Reviews/Employee-Review-McKinsey-and-Company-RVW32195697.htm,"""Great learning and exposure but not for everyone""",5.0,in Singapore,Recommends,Positive Outlook,No Opinion of CEO,I have been working at McKinsey & Company full-time for more than 5 years,Pros,"- Good learning and exposure
- Super smart colleagues 
- Able to chart what you want to do + where you want to go
- Decent compensation",Cons,"- Long and demanding work hours
- Lots of travel and tough for young families",Share on Facebook,https://twitter.com/share?url=undefined/Reviews/Employee-Review-McKinsey-and-Company-RVW32195697.htm&text=McKinsey%20%26%20Company+review+on+%23Glassdoor%3A+%22Great%20learning%20and%20exposure%20but%20not%20for%20everyone%22,Share on Twitter,mailto:?Subject=McKinsey%20&%20Company%20review%20on%20Glassdoor&body=Read%20this%20review%20of%20McKinsey%20&%20Company%20on%20Glassdoor.%20%22Great%20learning%20and%20exposure%20but%20not%20for%20everyone%22%C2%A0undefined/Reviews/Employee-Review-McKinsey-and-Company-RVW32195697.htm,Share via Email,https://www.glassdoor.sg/Reviews/undefined/Reviews/Employee-Review-McKinsey-and-Company-RVW32195697.htm,Copy Link,Flag as Inappropriate
Former Employee - Anonymous Employee,"March 22, 2020",https://www.glassdoor.sg/Reviews/Employee-Review-McKinsey-and-Company-RVW32453873.htm,"""Overall rating""",4.0,,,,,I worked at McKinsey & Company part-time,Pros,"Good benefits, dynamic workforce, Opportunities",Cons,"Irregular hours, Overloaded, selfish colleagues",Share on Facebook,https://twitter.com/share?url=undefined/Reviews/Employee-Review-McKinsey-and-Company-RVW32453873.htm&text=McKinsey%20%26%20Company+review+on+%23Glassdoor%3A+%22Overall%20rating%22,Share on Twitter,mailto:?Subject=McKinsey%20&%20Company%20review%20on%20Glassdoor&body=Read%20this%20review%20of%20McKinsey%20&%20Company%20on%20Glassdoor.%20%22Overall%20rating%22%C2%A0undefined/Reviews/Employee-Review-McKinsey-and-Company-RVW32453873.htm,Share via Email,https://www.glassdoor.sg/Reviews/undefined/Reviews/Employee-Review-McKinsey-and-Company-RVW32453873.htm,Copy Link,Flag as Inappropriate
Associate Partner,"February 21, 2020",https://www.glassdoor.sg/Reviews/Employee-Review-McKinsey-and-Company-RVW31990349.htm,"""Amazing !!!""",5.0,,Recommends,Positive Outlook,Approves of CEO,I worked at McKinsey & Company ,Pros,"Unparalleled learning and growth opportunity, working on the world’s toughest problems and learning everyday! Amazing training ground !",Cons,"Need to balance between work, lifestyle and health",Share on Facebook,https://twitter.com/share?url=undefined/Reviews/Employee-Review-McKinsey-and-Company-RVW31990349.htm&text=McKinsey%20%26%20Company+review+on+%23Glassdoor%3A+%22Amazing%20!!!%22,Share on Twitter,mailto:?Subject=McKinsey%20&%20Company%20review%20on%20Glassdoor&body=Read%20this%20review%20of%20McKinsey%20&%20Company%20on%20Glassdoor.%20%22Amazing%20!!!%22%C2%A0undefined/Reviews/Employee-Review-McKinsey-and-Company-RVW31990349.htm,Share via Email,https://www.glassdoor.sg/Reviews/undefined/Reviews/Employee-Review-McKinsey-and-Company-RVW31990349.htm,Copy Link,Flag as Inappropriate
Former Employee - Associate,"February 8, 2020",https://www.glassdoor.sg/Reviews/Employee-Review-McKinsey-and-Company-RVW31756121.htm,"""Amazing place""",5.0,in Singapore,Recommends,Positive Outlook,Approves of CEO,I worked at McKinsey & Company full-time for more than 3 years,Pros,Opportunity to work with the most talented and hardworking people - wherever you may be. Strong culture. Ability to drive impact with clients.,Cons,"Lifestyle can be challenging: long hours and lots of travel. However, it can work for most people.",Share on Facebook,https://twitter.com/share?url=undefined/Reviews/Employee-Review-McKinsey-and-Company-RVW31756121.htm&text=McKinsey%20%26%20Company+review+on+%23Glassdoor%3A+%22Amazing%20place%22,Share on Twitter,mailto:?Subject=McKinsey%20&%20Company%20review%20on%20Glassdoor&body=Read%20this%20review%20of%20McKinsey%20&%20Company%20on%20Glassdoor.%20%22Amazing%20place%22%C2%A0undefined/Reviews/Employee-Review-McKinsey-and-Company-RVW31756121.htm,Share via Email,https://www.glassdoor.sg/Reviews/undefined/Reviews/Employee-Review-McKinsey-and-Company-RVW31756121.htm,Copy Link,Flag as Inappropriate
Former Employee - Anonymous Employee,"January 16, 2020",https://www.glassdoor.sg/Reviews/Employee-Review-McKinsey-and-Company-RVW31323799.htm,"""Excellent company and people""",5.0,,,,,I worked at McKinsey & Company full-time,Pros,"- Caliber of colleagues
- Quantity and quality of projects
- Advancement opportunities
- Can create own industry/geography path if you're proactive enough",Cons,Hours can be long depending on the office.,Share on Facebook,https://twitter.com/share?url=undefined/Reviews/Employee-Review-McKinsey-and-Company-RVW31323799.htm&text=McKinsey%20%26%20Company+review+on+%23Glassdoor%3A+%22Excellent%20company%20and%20people%22,Share on Twitter,mailto:?Subject=McKinsey%20&%20Company%20review%20on%20Glassdoor&body=Read%20this%20review%20of%20McKinsey%20&%20Company%20on%20Glassdoor.%20%22Excellent%20company%20and%20people%22%C2%A0undefined/Reviews/Employee-Review-McKinsey-and-Company-RVW31323799.htm,Share via Email,https://www.glassdoor.sg/Reviews/undefined/Reviews/Employee-Review-McKinsey-and-Company-RVW31323799.htm,Copy Link,Flag as Inappropriate
Former Employee - Anonymous Employee,"January 9, 2020",https://www.glassdoor.sg/Reviews/Employee-Review-McKinsey-and-Company-RVW31201523.htm,"""great""",5.0,,,,,I worked at McKinsey & Company full-time,Pros,great friendly environment effect evening,Cons,bad environment tikko rattor bodd,Share on Facebook,https://twitter.com/share?url=undefined/Reviews/Employee-Review-McKinsey-and-Company-RVW31201523.htm&text=McKinsey%20%26%20Company+review+on+%23Glassdoor%3A+%22great%22,Share on Twitter,mailto:?Subject=McKinsey%20&%20Company%20review%20on%20Glassdoor&body=Read%20this%20review%20of%20McKinsey%20&%20Company%20on%20Glassdoor.%20%22great%22%C2%A0undefined/Reviews/Employee-Review-McKinsey-and-Company-RVW31201523.htm,Share via Email,https://www.glassdoor.sg/Reviews/undefined/Reviews/Employee-Review-McKinsey-and-Company-RVW31201523.htm,Copy Link,Flag as Inappropriate
,"January 13, 2020",https://www.glassdoor.sg/Reviews/Employee-Review-McKinsey-and-Company-RVW31277039.htm,"""Great""",4.0,,Recommends,Positive Outlook,,I worked at McKinsey & Company ,Pros,"Can work anywhere in town 
Work load is fair and good exposure into the consulting world
Work with Partner Associate",Cons,"Onboarding of intern was nonexistent 
Rocky start",Share on Facebook,https://twitter.com/share?url=undefined/Reviews/Employee-Review-McKinsey-and-Company-RVW31277039.htm&text=McKinsey%20%26%20Company+review+on+%23Glassdoor%3A+%22Great%22,Share on Twitter,mailto:?Subject=McKinsey%20&%20Company%20review%20on%20Glassdoor&body=Read%20this%20review%20of%20McKinsey%20&%20Company%20on%20Glassdoor.%20%22Great%22%C2%A0undefined/Reviews/Employee-Review-McKinsey-and-Company-RVW31277039.htm,Share via Email,https://www.glassdoor.sg/Reviews/undefined/Reviews/Employee-Review-McKinsey-and-Company-RVW31277039.htm,Copy Link,Flag as Inappropriate
Current Employee - Associate,"December 11, 2019",https://www.glassdoor.sg/Reviews/Employee-Review-McKinsey-and-Company-RVW30810338.htm,"""Challenging work, inspiring colleages""",5.0,in Singapore,Recommends,Positive Outlook,No Opinion of CEO,I have been working at McKinsey & Company full-time for more than a year,Pros,"Excellent learning opportunities, lots of autonomy and trust.  Plenty of training",Cons,"Punishing lifestyle with weekly travel, but adequately compensated for",Share on Facebook,"https://twitter.com/share?url=undefined/Reviews/Employee-Review-McKinsey-and-Company-RVW30810338.htm&text=McKinsey%20%26%20Company+review+on+%23Glassdoor%3A+%22Challenging%20work,%20inspiring%20colleages%22",Share on Twitter,"mailto:?Subject=McKinsey%20&%20Company%20review%20on%20Glassdoor&body=Read%20this%20review%20of%20McKinsey%20&%20Company%20on%20Glassdoor.%20%22Challenging%20work,%20inspiring%20colleages%22%C2%A0undefined/Reviews/Employee-Review-McKinsey-and-Company-RVW30810338.htm",Share via Email,https://www.glassdoor.sg/Reviews/undefined/Reviews/Employee-Review-McKinsey-and-Company-RVW30810338.htm,Copy Link,Flag as Inappropriate
Current Employee - Anonymous Employee,"November 20, 2019",https://www.glassdoor.sg/Reviews/Employee-Review-McKinsey-and-Company-RVW30478704.htm,"""Analyst""",4.0,,Recommends,Positive Outlook,,I have been working at McKinsey & Company full-time,Pros,There is a really good training program and committee to make sure you get the trainings you need at every stage of your career,Cons,there is really no life. and you expect it,Share on Facebook,https://twitter.com/share?url=undefined/Reviews/Employee-Review-McKinsey-and-Company-RVW30478704.htm&text=McKinsey%20%26%20Company+review+on+%23Glassdoor%3A+%22Analyst%22,Share on Twitter,mailto:?Subject=McKinsey%20&%20Company%20review%20on%20Glassdoor&body=Read%20this%20review%20of%20McKinsey%20&%20Company%20on%20Glassdoor.%20%22Analyst%22%C2%A0undefined/Reviews/Employee-Review-McKinsey-and-Company-RVW30478704.htm,Share via Email,https://www.glassdoor.sg/Reviews/undefined/Reviews/Employee-Review-McKinsey-and-Company-RVW30478704.htm,Copy Link,Flag as Inappropriate
Current Employee - Anonymous Employee,"November 19, 2019",https://www.glassdoor.sg/Reviews/Employee-Review-McKinsey-and-Company-RVW30455776.htm,"""Associate""",4.0,,Recommends,Positive Outlook,Approves of CEO,I have been working at McKinsey & Company full-time,Pros,People and culture and opportunities,Cons,Hours Difficult balance and travel,Share on Facebook,https://twitter.com/share?url=undefined/Reviews/Employee-Review-McKinsey-and-Company-RVW30455776.htm&text=McKinsey%20%26%20Company+review+on+%23Glassdoor%3A+%22Associate%22,Share on Twitter,mailto:?Subject=McKinsey%20&%20Company%20review%20on%20Glassdoor&body=Read%20this%20review%20of%20McKinsey%20&%20Company%20on%20Glassdoor.%20%22Associate%22%C2%A0undefined/Reviews/Employee-Review-McKinsey-and-Company-RVW30455776.htm,Share via Email,https://www.glassdoor.sg/Reviews/undefined/Reviews/Employee-Review-McKinsey-and-Company-RVW30455776.htm,Copy Link,Flag as Inappropriate
Current Employee - Anonymous Employee,"November 3, 2019",https://www.glassdoor.sg/Reviews/Employee-Review-McKinsey-and-Company-RVW30172317.htm,"""Business Analyst""",4.0,,,,,I have been working at McKinsey & Company full-time,Pros,"Global experience, ability to find your own staffing anywhere in the world",Cons,"Long hours, lots of churn",Share on Facebook,https://twitter.com/share?url=undefined/Reviews/Employee-Review-McKinsey-and-Company-RVW30172317.htm&text=McKinsey%20%26%20Company+review+on+%23Glassdoor%3A+%22Business%20Analyst%22,Share on Twitter,mailto:?Subject=McKinsey%20&%20Company%20review%20on%20Glassdoor&body=Read%20this%20review%20of%20McKinsey%20&%20Company%20on%20Glassdoor.%20%22Business%20Analyst%22%C2%A0undefined/Reviews/Employee-Review-McKinsey-and-Company-RVW30172317.htm,Share via Email,https://www.glassdoor.sg/Reviews/undefined/Reviews/Employee-Review-McKinsey-and-Company-RVW30172317.htm,Copy Link,Flag as Inappropriate
Current Employee - Systems Administrator,"October 14, 2019",https://www.glassdoor.sg/Reviews/Employee-Review-McKinsey-and-Company-RVW29796841.htm,"""many lesson learnt""",5.0,in Singapore,Recommends,Neutral Outlook,Approves of CEO,I have been working at McKinsey & Company full-time for more than a year,Pros,Experience develop softskill and hard skill,Cons,over time load too much,Share on Facebook,https://twitter.com/share?url=undefined/Reviews/Employee-Review-McKinsey-and-Company-RVW29796841.htm&text=McKinsey%20%26%20Company+review+on+%23Glassdoor%3A+%22many%20lesson%20learnt%22,Share on Twitter,mailto:?Subject=McKinsey%20&%20Company%20review%20on%20Glassdoor&body=Read%20this%20review%20of%20McKinsey%20&%20Company%20on%20Glassdoor.%20%22many%20lesson%20learnt%22%C2%A0undefined/Reviews/Employee-Review-McKinsey-and-Company-RVW29796841.htm,Share via Email,https://www.glassdoor.sg/Reviews/undefined/Reviews/Employee-Review-McKinsey-and-Company-RVW29796841.htm,Copy Link,Flag as Inappropriate
Current Employee - Anonymous Employee,"September 22, 2019",https://www.glassdoor.sg/Reviews/Employee-Review-McKinsey-and-Company-RVW29385855.htm,"""Give a lot, get back a lot""",5.0,,Recommends,Positive Outlook,Approves of CEO,I have been working at McKinsey & Company full-time,Pros,Highly competitive but meritocratic from interview process to day to day work to promotion process.,Cons,Can be unsustainable and overwhelming at times,Share on Facebook,"https://twitter.com/share?url=undefined/Reviews/Employee-Review-McKinsey-and-Company-RVW29385855.htm&text=McKinsey%20%26%20Company+review+on+%23Glassdoor%3A+%22Give%20a%20lot,%20get%20back%20a%20lot%22",Share on Twitter,"mailto:?Subject=McKinsey%20&%20Company%20review%20on%20Glassdoor&body=Read%20this%20review%20of%20McKinsey%20&%20Company%20on%20Glassdoor.%20%22Give%20a%20lot,%20get%20back%20a%20lot%22%C2%A0undefined/Reviews/Employee-Review-McKinsey-and-Company-RVW29385855.htm",Share via Email,https://www.glassdoor.sg/Reviews/undefined/Reviews/Employee-Review-McKinsey-and-Company-RVW29385855.htm,Copy Link,Flag as Inappropriate
Current Employee - Anonymous Employee,"October 7, 2019",https://www.glassdoor.sg/Reviews/Employee-Review-McKinsey-and-Company-RVW29659843.htm,"""admin""",1.0,,Doesn't Recommend,Neutral Outlook,No Opinion of CEO,I have been working at McKinsey & Company full-time,Pros,"free lunch,  cbd vicinity",Cons,"if you are not a partner - you don't exist,  like working in a shark tank",Share on Facebook,https://twitter.com/share?url=undefined/Reviews/Employee-Review-McKinsey-and-Company-RVW29659843.htm&text=McKinsey%20%26%20Company+review+on+%23Glassdoor%3A+%22admin%22,Share on Twitter,mailto:?Subject=McKinsey%20&%20Company%20review%20on%20Glassdoor&body=Read%20this%20review%20of%20McKinsey%20&%20Company%20on%20Glassdoor.%20%22admin%22%C2%A0undefined/Reviews/Employee-Review-McKinsey-and-Company-RVW29659843.htm,Share via Email,https://www.glassdoor.sg/Reviews/undefined/Reviews/Employee-Review-McKinsey-and-Company-RVW29659843.htm,Copy Link,Flag as Inappropriate
Current Employee - Anonymous Employee,"August 29, 2019",https://www.glassdoor.sg/Reviews/Employee-Review-McKinsey-and-Company-RVW28933395.htm,"""Associate Partner""",5.0,,Recommends,Positive Outlook,Approves of CEO,I have been working at McKinsey & Company full-time,Pros,"- Very fast paced
- Being part of most strategic decision making of top Fortune companies
- Smartest colleagues",Cons,- Extensive travel (4-5 days/week),Share on Facebook,https://twitter.com/share?url=undefined/Reviews/Employee-Review-McKinsey-and-Company-RVW28933395.htm&text=McKinsey%20%26%20Company+review+on+%23Glassdoor%3A+%22Associate%20Partner%22,Share on Twitter,mailto:?Subject=McKinsey%20&%20Company%20review%20on%20Glassdoor&body=Read%20this%20review%20of%20McKinsey%20&%20Company%20on%20Glassdoor.%20%22Associate%20Partner%22%C2%A0undefined/Reviews/Employee-Review-McKinsey-and-Company-RVW28933395.htm,Share via Email,https://www.glassdoor.sg/Reviews/undefined/Reviews/Employee-Review-McKinsey-and-Company-RVW28933395.htm,Copy Link,Flag as Inappropriate
Former Employee - Manager,"August 25, 2019",https://www.glassdoor.sg/Reviews/Employee-Review-McKinsey-and-Company-RVW28840942.htm,"""Just here for the brand""",3.0,in Singapore,,,,I worked at McKinsey & Company full-time for more than 5 years,Pros,"Brand allows networking opportunity; however, it can also put you in a box.",Cons,People can be obnoxious and arrogant.,Share on Facebook,https://twitter.com/share?url=undefined/Reviews/Employee-Review-McKinsey-and-Company-RVW28840942.htm&text=McKinsey%20%26%20Company+review+on+%23Glassdoor%3A+%22Just%20here%20for%20the%20brand%22,Share on Twitter,mailto:?Subject=McKinsey%20&%20Company%20review%20on%20Glassdoor&body=Read%20this%20review%20of%20McKinsey%20&%20Company%20on%20Glassdoor.%20%22Just%20here%20for%20the%20brand%22%C2%A0undefined/Reviews/Employee-Review-McKinsey-and-Company-RVW28840942.htm,Share via Email,https://www.glassdoor.sg/Reviews/undefined/Reviews/Employee-Review-McKinsey-and-Company-RVW28840942.htm,Copy Link,Flag as Inappropriate
Current Employee - Anonymous Employee,"July 10, 2019",https://www.glassdoor.sg/Reviews/Employee-Review-McKinsey-and-Company-RVW27924181.htm,"""Working at McKinsey as a non-consultant""",4.0,in Singapore,Recommends,Positive Outlook,Approves of CEO,I have been working at McKinsey & Company full-time for more than a year,Pros,"Great community, focus on people development and helping colleagues succeed",Cons,Poor balance compared to other similar paying jobs.,Share on Facebook,https://twitter.com/share?url=undefined/Reviews/Employee-Review-McKinsey-and-Company-RVW27924181.htm&text=McKinsey%20%26%20Company+review+on+%23Glassdoor%3A+%22Working%20at%20McKinsey%20as%20a%20non-consultant%22,Share on Twitter,mailto:?Subject=McKinsey%20&%20Company%20review%20on%20Glassdoor&body=Read%20this%20review%20of%20McKinsey%20&%20Company%20on%20Glassdoor.%20%22Working%20at%20McKinsey%20as%20a%20non-consultant%22%C2%A0undefined/Reviews/Employee-Review-McKinsey-and-Company-RVW27924181.htm,Share via Email,https://www.glassdoor.sg/Reviews/undefined/Reviews/Employee-Review-McKinsey-and-Company-RVW27924181.htm,Copy Link,Flag as Inappropriate
Current Employee - Anonymous Employee,"July 3, 2019",https://www.glassdoor.sg/Reviews/Employee-Review-McKinsey-and-Company-RVW27790797.htm,"""Associate""",3.0,,,,,I have been working at McKinsey & Company full-time,Pros,People are generally high calibre,Cons,Culture may not be the best,Share on Facebook,https://twitter.com/share?url=undefined/Reviews/Employee-Review-McKinsey-and-Company-RVW27790797.htm&text=McKinsey%20%26%20Company+review+on+%23Glassdoor%3A+%22Associate%22,Share on Twitter,mailto:?Subject=McKinsey%20&%20Company%20review%20on%20Glassdoor&body=Read%20this%20review%20of%20McKinsey%20&%20Company%20on%20Glassdoor.%20%22Associate%22%C2%A0undefined/Reviews/Employee-Review-McKinsey-and-Company-RVW27790797.htm,Share via Email,https://www.glassdoor.sg/Reviews/undefined/Reviews/Employee-Review-McKinsey-and-Company-RVW27790797.htm,Copy Link,Flag as Inappropriate
Former Employee - Manager,"May 26, 2019",https://www.glassdoor.sg/Reviews/Employee-Review-McKinsey-and-Company-RVW26329495.htm,"""Good Firm for training""",4.0,in Singapore,,,,I worked at McKinsey & Company full-time for more than 3 years,Pros,"Good training, good benefits, working with smart crew",Cons,There needs to be better work life balance,Share on Facebook,https://twitter.com/share?url=undefined/Reviews/Employee-Review-McKinsey-and-Company-RVW26329495.htm&text=McKinsey%20%26%20Company+review+on+%23Glassdoor%3A+%22Good%20Firm%20for%20training%22,Share on Twitter,mailto:?Subject=McKinsey%20&%20Company%20review%20on%20Glassdoor&body=Read%20this%20review%20of%20McKinsey%20&%20Company%20on%20Glassdoor.%20%22Good%20Firm%20for%20training%22%C2%A0undefined/Reviews/Employee-Review-McKinsey-and-Company-RVW26329495.htm,Share via Email,https://www.glassdoor.sg/Reviews/undefined/Reviews/Employee-Review-McKinsey-and-Company-RVW26329495.htm,Copy Link,Flag as Inappropriate
Former Employee - Anonymous Employee,"April 9, 2019",https://www.glassdoor.sg/Reviews/Employee-Review-McKinsey-and-Company-RVW25580812.htm,"""Associate""",5.0,,Recommends,Positive Outlook,Approves of CEO,I worked at McKinsey & Company full-time,Pros,"Vast resources, opportunity to work with the smartest people",Cons,Work-life balance is challenging with traveling,Share on Facebook,https://twitter.com/share?url=undefined/Reviews/Employee-Review-McKinsey-and-Company-RVW25580812.htm&text=McKinsey%20%26%20Company+review+on+%23Glassdoor%3A+%22Associate%22,Share on Twitter,mailto:?Subject=McKinsey%20&%20Company%20review%20on%20Glassdoor&body=Read%20this%20review%20of%20McKinsey%20&%20Company%20on%20Glassdoor.%20%22Associate%22%C2%A0undefined/Reviews/Employee-Review-McKinsey-and-Company-RVW25580812.htm,Share via Email,https://www.glassdoor.sg/Reviews/undefined/Reviews/Employee-Review-McKinsey-and-Company-RVW25580812.htm,Copy Link,Flag as Inappropriate
Current Employee - Research Analyst,"April 4, 2019",https://www.glassdoor.sg/Reviews/Employee-Review-McKinsey-and-Company-RVW25504544.htm,"""Research analyst""",5.0,,,,,I have been working at McKinsey & Company full-time,Pros,Great learning opportunities in the firm,Cons,No cons. Long working hours sometimes,Share on Facebook,https://twitter.com/share?url=undefined/Reviews/Employee-Review-McKinsey-and-Company-RVW25504544.htm&text=McKinsey%20%26%20Company+review+on+%23Glassdoor%3A+%22Research%20analyst%22,Share on Twitter,mailto:?Subject=McKinsey%20&%20Company%20review%20on%20Glassdoor&body=Read%20this%20review%20of%20McKinsey%20&%20Company%20on%20Glassdoor.%20%22Research%20analyst%22%C2%A0undefined/Reviews/Employee-Review-McKinsey-and-Company-RVW25504544.htm,Share via Email,https://www.glassdoor.sg/Reviews/undefined/Reviews/Employee-Review-McKinsey-and-Company-RVW25504544.htm,Copy Link,Flag as Inappropriate
Former Employee - Anonymous Employee,"January 29, 2019",https://www.glassdoor.sg/Reviews/Employee-Review-McKinsey-and-Company-RVW24445839.htm,"""Good experience""",4.0,,,,,I worked at McKinsey & Company full-time,Pros,Diversity of experience and strong methodology,Cons,Work life balance during some assignments,Share on Facebook,https://twitter.com/share?url=undefined/Reviews/Employee-Review-McKinsey-and-Company-RVW24445839.htm&text=McKinsey%20%26%20Company+review+on+%23Glassdoor%3A+%22Good%20experience%22,Share on Twitter,mailto:?Subject=McKinsey%20&%20Company%20review%20on%20Glassdoor&body=Read%20this%20review%20of%20McKinsey%20&%20Company%20on%20Glassdoor.%20%22Good%20experience%22%C2%A0undefined/Reviews/Employee-Review-McKinsey-and-Company-RVW24445839.htm,Share via Email,https://www.glassdoor.sg/Reviews/undefined/Reviews/Employee-Review-McKinsey-and-Company-RVW24445839.htm,Copy Link,Flag as Inappropriate
Current Employee - Associate,"January 3, 2019",https://www.glassdoor.sg/Reviews/Employee-Review-McKinsey-and-Company-RVW24034355.htm,"""Great place to work""",5.0,in Singapore,Recommends,Neutral Outlook,Approves of CEO,I have been working at McKinsey & Company full-time for more than a year,Pros,"- Working with incredibly smart people who are always pushing you to get to a better answer
- Very progressive - always looking for ways to make the Firm better
- Supportive and good environment - people are generally helpful",Cons,"- Lifestyle - constant travel and long hours make it tough, especially for those with families",Share on Facebook,https://twitter.com/share?url=undefined/Reviews/Employee-Review-McKinsey-and-Company-RVW24034355.htm&text=McKinsey%20%26%20Company+review+on+%23Glassdoor%3A+%22Great%20place%20to%20work%22,Share on Twitter,mailto:?Subject=McKinsey%20&%20Company%20review%20on%20Glassdoor&body=Read%20this%20review%20of%20McKinsey%20&%20Company%20on%20Glassdoor.%20%22Great%20place%20to%20work%22%C2%A0undefined/Reviews/Employee-Review-McKinsey-and-Company-RVW24034355.htm,Share via Email,https://www.glassdoor.sg/Reviews/undefined/Reviews/Employee-Review-McKinsey-and-Company-RVW24034355.htm,Copy Link,Flag as Inappropriate
Current Employee - Anonymous Employee,"October 7, 2019",https://www.glassdoor.sg/Reviews/Employee-Review-McKinsey-and-Company-RVW29659843.htm,"""admin""",1.0,,Doesn't Recommend,Neutral Outlook,No Opinion of CEO,I have been working at McKinsey & Company full-time,Pros,"free lunch,  cbd vicinity",Cons,"if you are not a partner - you don't exist,  like working in a shark tank",Share on Facebook,https://twitter.com/share?url=undefined/Reviews/Employee-Review-McKinsey-and-Company-RVW29659843.htm&text=McKinsey%20%26%20Company+review+on+%23Glassdoor%3A+%22admin%22,Share on Twitter,mailto:?Subject=McKinsey%20&%20Company%20review%20on%20Glassdoor&body=Read%20this%20review%20of%20McKinsey%20&%20Company%20on%20Glassdoor.%20%22admin%22%C2%A0undefined/Reviews/Employee-Review-McKinsey-and-Company-RVW29659843.htm,Share via Email,https://www.glassdoor.sg/Reviews/undefined/Reviews/Employee-Review-McKinsey-and-Company-RVW29659843.htm,Copy Link,Flag as Inappropriate
Current Employee - Anonymous Employee,"August 29, 2019",https://www.glassdoor.sg/Reviews/Employee-Review-McKinsey-and-Company-RVW28933395.htm,"""Associate Partner""",5.0,,Recommends,Positive Outlook,Approves of CEO,I have been working at McKinsey & Company full-time,Pros,"- Very fast paced
- Being part of most strategic decision making of top Fortune companies
- Smartest colleagues",Cons,- Extensive travel (4-5 days/week),Share on Facebook,https://twitter.com/share?url=undefined/Reviews/Employee-Review-McKinsey-and-Company-RVW28933395.htm&text=McKinsey%20%26%20Company+review+on+%23Glassdoor%3A+%22Associate%20Partner%22,Share on Twitter,mailto:?Subject=McKinsey%20&%20Company%20review%20on%20Glassdoor&body=Read%20this%20review%20of%20McKinsey%20&%20Company%20on%20Glassdoor.%20%22Associate%20Partner%22%C2%A0undefined/Reviews/Employee-Review-McKinsey-and-Company-RVW28933395.htm,Share via Email,https://www.glassdoor.sg/Reviews/undefined/Reviews/Employee-Review-McKinsey-and-Company-RVW28933395.htm,Copy Link,Flag as Inappropriate
Former Employee - Manager,"August 25, 2019",https://www.glassdoor.sg/Reviews/Employee-Review-McKinsey-and-Company-RVW28840942.htm,"""Just here for the brand""",3.0,in Singapore,,,,I worked at McKinsey & Company full-time for more than 5 years,Pros,"Brand allows networking opportunity; however, it can also put you in a box.",Cons,People can be obnoxious and arrogant.,Share on Facebook,https://twitter.com/share?url=undefined/Reviews/Employee-Review-McKinsey-and-Company-RVW28840942.htm&text=McKinsey%20%26%20Company+review+on+%23Glassdoor%3A+%22Just%20here%20for%20the%20brand%22,Share on Twitter,mailto:?Subject=McKinsey%20&%20Company%20review%20on%20Glassdoor&body=Read%20this%20review%20of%20McKinsey%20&%20Company%20on%20Glassdoor.%20%22Just%20here%20for%20the%20brand%22%C2%A0undefined/Reviews/Employee-Review-McKinsey-and-Company-RVW28840942.htm,Share via Email,https://www.glassdoor.sg/Reviews/undefined/Reviews/Employee-Review-McKinsey-and-Company-RVW28840942.htm,Copy Link,Flag as Inappropriate
Current Employee - Anonymous Employee,"July 10, 2019",https://www.glassdoor.sg/Reviews/Employee-Review-McKinsey-and-Company-RVW27924181.htm,"""Working at McKinsey as a non-consultant""",4.0,in Singapore,Recommends,Positive Outlook,Approves of CEO,I have been working at McKinsey & Company full-time for more than a year,Pros,"Great community, focus on people development and helping colleagues succeed",Cons,Poor balance compared to other similar paying jobs.,Share on Facebook,https://twitter.com/share?url=undefined/Reviews/Employee-Review-McKinsey-and-Company-RVW27924181.htm&text=McKinsey%20%26%20Company+review+on+%23Glassdoor%3A+%22Working%20at%20McKinsey%20as%20a%20non-consultant%22,Share on Twitter,mailto:?Subject=McKinsey%20&%20Company%20review%20on%20Glassdoor&body=Read%20this%20review%20of%20McKinsey%20&%20Company%20on%20Glassdoor.%20%22Working%20at%20McKinsey%20as%20a%20non-consultant%22%C2%A0undefined/Reviews/Employee-Review-McKinsey-and-Company-RVW27924181.htm,Share via Email,https://www.glassdoor.sg/Reviews/undefined/Reviews/Employee-Review-McKinsey-and-Company-RVW27924181.htm,Copy Link,Flag as Inappropriate
Current Employee - Anonymous Employee,"July 3, 2019",https://www.glassdoor.sg/Reviews/Employee-Review-McKinsey-and-Company-RVW27790797.htm,"""Associate""",3.0,,,,,I have been working at McKinsey & Company full-time,Pros,People are generally high calibre,Cons,Culture may not be the best,Share on Facebook,https://twitter.com/share?url=undefined/Reviews/Employee-Review-McKinsey-and-Company-RVW27790797.htm&text=McKinsey%20%26%20Company+review+on+%23Glassdoor%3A+%22Associate%22,Share on Twitter,mailto:?Subject=McKinsey%20&%20Company%20review%20on%20Glassdoor&body=Read%20this%20review%20of%20McKinsey%20&%20Company%20on%20Glassdoor.%20%22Associate%22%C2%A0undefined/Reviews/Employee-Review-McKinsey-and-Company-RVW27790797.htm,Share via Email,https://www.glassdoor.sg/Reviews/undefined/Reviews/Employee-Review-McKinsey-and-Company-RVW27790797.htm,Copy Link,Flag as Inappropriate
Former Employee - Manager,"May 26, 2019",https://www.glassdoor.sg/Reviews/Employee-Review-McKinsey-and-Company-RVW26329495.htm,"""Good Firm for training""",4.0,in Singapore,,,,I worked at McKinsey & Company full-time for more than 3 years,Pros,"Good training, good benefits, working with smart crew",Cons,There needs to be better work life balance,Share on Facebook,https://twitter.com/share?url=undefined/Reviews/Employee-Review-McKinsey-and-Company-RVW26329495.htm&text=McKinsey%20%26%20Company+review+on+%23Glassdoor%3A+%22Good%20Firm%20for%20training%22,Share on Twitter,mailto:?Subject=McKinsey%20&%20Company%20review%20on%20Glassdoor&body=Read%20this%20review%20of%20McKinsey%20&%20Company%20on%20Glassdoor.%20%22Good%20Firm%20for%20training%22%C2%A0undefined/Reviews/Employee-Review-McKinsey-and-Company-RVW26329495.htm,Share via Email,https://www.glassdoor.sg/Reviews/undefined/Reviews/Employee-Review-McKinsey-and-Company-RVW26329495.htm,Copy Link,Flag as Inappropriate
Former Employee - Anonymous Employee,"April 9, 2019",https://www.glassdoor.sg/Reviews/Employee-Review-McKinsey-and-Company-RVW25580812.htm,"""Associate""",5.0,,Recommends,Positive Outlook,Approves of CEO,I worked at McKinsey & Company full-time,Pros,"Vast resources, opportunity to work with the smartest people",Cons,Work-life balance is challenging with traveling,Share on Facebook,https://twitter.com/share?url=undefined/Reviews/Employee-Review-McKinsey-and-Company-RVW25580812.htm&text=McKinsey%20%26%20Company+review+on+%23Glassdoor%3A+%22Associate%22,Share on Twitter,mailto:?Subject=McKinsey%20&%20Company%20review%20on%20Glassdoor&body=Read%20this%20review%20of%20McKinsey%20&%20Company%20on%20Glassdoor.%20%22Associate%22%C2%A0undefined/Reviews/Employee-Review-McKinsey-and-Company-RVW25580812.htm,Share via Email,https://www.glassdoor.sg/Reviews/undefined/Reviews/Employee-Review-McKinsey-and-Company-RVW25580812.htm,Copy Link,Flag as Inappropriate
Current Employee - Research Analyst,"April 4, 2019",https://www.glassdoor.sg/Reviews/Employee-Review-McKinsey-and-Company-RVW25504544.htm,"""Research analyst""",5.0,,,,,I have been working at McKinsey & Company full-time,Pros,Great learning opportunities in the firm,Cons,No cons. Long working hours sometimes,Share on Facebook,https://twitter.com/share?url=undefined/Reviews/Employee-Review-McKinsey-and-Company-RVW25504544.htm&text=McKinsey%20%26%20Company+review+on+%23Glassdoor%3A+%22Research%20analyst%22,Share on Twitter,mailto:?Subject=McKinsey%20&%20Company%20review%20on%20Glassdoor&body=Read%20this%20review%20of%20McKinsey%20&%20Company%20on%20Glassdoor.%20%22Research%20analyst%22%C2%A0undefined/Reviews/Employee-Review-McKinsey-and-Company-RVW25504544.htm,Share via Email,https://www.glassdoor.sg/Reviews/undefined/Reviews/Employee-Review-McKinsey-and-Company-RVW25504544.htm,Copy Link,Flag as Inappropriate
Former Employee - Anonymous Employee,"January 29, 2019",https://www.glassdoor.sg/Reviews/Employee-Review-McKinsey-and-Company-RVW24445839.htm,"""Good experience""",4.0,,,,,I worked at McKinsey & Company full-time,Pros,Diversity of experience and strong methodology,Cons,Work life balance during some assignments,Share on Facebook,https://twitter.com/share?url=undefined/Reviews/Employee-Review-McKinsey-and-Company-RVW24445839.htm&text=McKinsey%20%26%20Company+review+on+%23Glassdoor%3A+%22Good%20experience%22,Share on Twitter,mailto:?Subject=McKinsey%20&%20Company%20review%20on%20Glassdoor&body=Read%20this%20review%20of%20McKinsey%20&%20Company%20on%20Glassdoor.%20%22Good%20experience%22%C2%A0undefined/Reviews/Employee-Review-McKinsey-and-Company-RVW24445839.htm,Share via Email,https://www.glassdoor.sg/Reviews/undefined/Reviews/Employee-Review-McKinsey-and-Company-RVW24445839.htm,Copy Link,Flag as Inappropriate
Current Employee - Associate,"January 3, 2019",https://www.glassdoor.sg/Reviews/Employee-Review-McKinsey-and-Company-RVW24034355.htm,"""Great place to work""",5.0,in Singapore,Recommends,Neutral Outlook,Approves of CEO,I have been working at McKinsey & Company full-time for more than a year,Pros,"- Working with incredibly smart people who are always pushing you to get to a better answer
- Very progressive - always looking for ways to make the Firm better
- Supportive and good environment - people are generally helpful",Cons,"- Lifestyle - constant travel and long hours make it tough, especially for those with families",Share on Facebook,https://twitter.com/share?url=undefined/Reviews/Employee-Review-McKinsey-and-Company-RVW24034355.htm&text=McKinsey%20%26%20Company+review+on+%23Glassdoor%3A+%22Great%20place%20to%20work%22,Share on Twitter,mailto:?Subject=McKinsey%20&%20Company%20review%20on%20Glassdoor&body=Read%20this%20review%20of%20McKinsey%20&%20Company%20on%20Glassdoor.%20%22Great%20place%20to%20work%22%C2%A0undefined/Reviews/Employee-Review-McKinsey-and-Company-RVW24034355.htm,Share via Email,https://www.glassdoor.sg/Reviews/undefined/Reviews/Employee-Review-McKinsey-and-Company-RVW24034355.htm,Copy Link,Flag as Inappropriate
Current Employee - Anonymous Employee,"December 14, 2018",https://www.glassdoor.sg/Reviews/Employee-Review-McKinsey-and-Company-RVW23839256.htm,"""Strong company""",5.0,,,,,I have been working at McKinsey & Company full-time,Pros,Filled with really good people,Cons,Terrible working hours if in a bad project,Share on Facebook,https://twitter.com/share?url=undefined/Reviews/Employee-Review-McKinsey-and-Company-RVW23839256.htm&text=McKinsey%20%26%20Company+review+on+%23Glassdoor%3A+%22Strong%20company%22,Share on Twitter,mailto:?Subject=McKinsey%20&%20Company%20review%20on%20Glassdoor&body=Read%20this%20review%20of%20McKinsey%20&%20Company%20on%20Glassdoor.%20%22Strong%20company%22%C2%A0undefined/Reviews/Employee-Review-McKinsey-and-Company-RVW23839256.htm,Share via Email,https://www.glassdoor.sg/Reviews/undefined/Reviews/Employee-Review-McKinsey-and-Company-RVW23839256.htm,Copy Link,Flag as Inappropriate
Current Employee - Anonymous Employee,"December 20, 2018",https://www.glassdoor.sg/Reviews/Employee-Review-McKinsey-and-Company-RVW23912422.htm,"""Associate""",4.0,,,,,I have been working at McKinsey & Company full-time,Pros,"Steep learning curve on both technical & soft skills, high exposure to senior leadership",Cons,"Worklife balance, frequent travels to remote locations, need to align to leadership to progress",Share on Facebook,https://twitter.com/share?url=undefined/Reviews/Employee-Review-McKinsey-and-Company-RVW23912422.htm&text=McKinsey%20%26%20Company+review+on+%23Glassdoor%3A+%22Associate%22,Share on Twitter,mailto:?Subject=McKinsey%20&%20Company%20review%20on%20Glassdoor&body=Read%20this%20review%20of%20McKinsey%20&%20Company%20on%20Glassdoor.%20%22Associate%22%C2%A0undefined/Reviews/Employee-Review-McKinsey-and-Company-RVW23912422.htm,Share via Email,https://www.glassdoor.sg/Reviews/undefined/Reviews/Employee-Review-McKinsey-and-Company-RVW23912422.htm,Copy Link,Flag as Inappropriate
Former Employee - Anonymous Employee,"October 21, 2018",https://www.glassdoor.sg/Reviews/Employee-Review-McKinsey-and-Company-RVW23053985.htm,"""Incredible opportunities to learn and grow""",4.0,,Recommends,Positive Outlook,No Opinion of CEO,I worked at McKinsey & Company full-time,Pros,"- High level of ownership leading to steep learning curve
- Motivated, driven colleagues 
- High focus on personal development
- Stimulating problem-solving content
- Great brand name and exit opportunities",Cons,"- Long working hours
- Frustratingly high emphasis on creating and refining powerpoint slides
- Extensive travel",Share on Facebook,https://twitter.com/share?url=undefined/Reviews/Employee-Review-McKinsey-and-Company-RVW23053985.htm&text=McKinsey%20%26%20Company+review+on+%23Glassdoor%3A+%22Incredible%20opportunities%20to%20learn%20and%20grow%22,Share on Twitter,mailto:?Subject=McKinsey%20&%20Company%20review%20on%20Glassdoor&body=Read%20this%20review%20of%20McKinsey%20&%20Company%20on%20Glassdoor.%20%22Incredible%20opportunities%20to%20learn%20and%20grow%22%C2%A0undefined/Reviews/Employee-Review-McKinsey-and-Company-RVW23053985.htm,Share via Email,https://www.glassdoor.sg/Reviews/undefined/Reviews/Employee-Review-McKinsey-and-Company-RVW23053985.htm,Copy Link,Flag as Inappropriate
Former Employee - Engagement Manager,"August 20, 2018",https://www.glassdoor.sg/Reviews/Employee-Review-McKinsey-and-Company-RVW22056213.htm,"""Outstanding place to learn and develop""",5.0,in Singapore,Recommends,Positive Outlook,Approves of CEO,I worked at McKinsey & Company full-time for more than 3 years,Pros,Some of the smartest people in the world working on tough corporate problems,Cons,"Travel can get too much at times, work hours can be erratic, can have endless decks and churn of decks in 'projects from hell'",Share on Facebook,https://twitter.com/share?url=undefined/Reviews/Employee-Review-McKinsey-and-Company-RVW22056213.htm&text=McKinsey%20%26%20Company+review+on+%23Glassdoor%3A+%22Outstanding%20place%20to%20learn%20and%20develop%22,Share on Twitter,mailto:?Subject=McKinsey%20&%20Company%20review%20on%20Glassdoor&body=Read%20this%20review%20of%20McKinsey%20&%20Company%20on%20Glassdoor.%20%22Outstanding%20place%20to%20learn%20and%20develop%22%C2%A0undefined/Reviews/Employee-Review-McKinsey-and-Company-RVW22056213.htm,Share via Email,https://www.glassdoor.sg/Reviews/undefined/Reviews/Employee-Review-McKinsey-and-Company-RVW22056213.htm,Copy Link,Flag as Inappropriate
Current Employee - Engagement Manager,"June 17, 2018",https://www.glassdoor.sg/Reviews/Employee-Review-McKinsey-and-Company-RVW21074936.htm,"""How is it ?""",5.0,in Singapore,Doesn't Recommend,Positive Outlook,Approves of CEO,I have been working at McKinsey & Company full-time for more than 5 years,Pros,Good peer group and reputation,Cons,Long work hours and poor work life balance,Share on Facebook,https://twitter.com/share?url=undefined/Reviews/Employee-Review-McKinsey-and-Company-RVW21074936.htm&text=McKinsey%20%26%20Company+review+on+%23Glassdoor%3A+%22How%20is%20it%20?%22,Share on Twitter,mailto:?Subject=McKinsey%20&%20Company%20review%20on%20Glassdoor&body=Read%20this%20review%20of%20McKinsey%20&%20Company%20on%20Glassdoor.%20%22How%20is%20it%20?%22%C2%A0undefined/Reviews/Employee-Review-McKinsey-and-Company-RVW21074936.htm,Share via Email,https://www.glassdoor.sg/Reviews/undefined/Reviews/Employee-Review-McKinsey-and-Company-RVW21074936.htm,Copy Link,Flag as Inappropriate
Current Employee - Anonymous Employee,"June 24, 2018",https://www.glassdoor.sg/Reviews/Employee-Review-McKinsey-and-Company-RVW21183490.htm,"""live fast die young""",3.0,,Doesn't Recommend,Positive Outlook,No Opinion of CEO,I have been working at McKinsey & Company full-time,Pros,"lots of learning opportunity, working with smartest people, care about feedback, promote inclusiveness, there's some great management/Partners who really care.  Lots of flexible work program available.",Cons,"One firm policy is not consistent, benefits for support stuff is not that great, you can get burnt out fast. Turn-over rate is pretty high and it's not really encouraging when you see your colleague leave every month or so.",Share on Facebook,https://twitter.com/share?url=undefined/Reviews/Employee-Review-McKinsey-and-Company-RVW21183490.htm&text=McKinsey%20%26%20Company+review+on+%23Glassdoor%3A+%22live%20fast%20die%20young%22,Share on Twitter,mailto:?Subject=McKinsey%20&%20Company%20review%20on%20Glassdoor&body=Read%20this%20review%20of%20McKinsey%20&%20Company%20on%20Glassdoor.%20%22live%20fast%20die%20young%22%C2%A0undefined/Reviews/Employee-Review-McKinsey-and-Company-RVW21183490.htm,Share via Email,https://www.glassdoor.sg/Reviews/undefined/Reviews/Employee-Review-McKinsey-and-Company-RVW21183490.htm,Copy Link,Flag as Inappropriate
Former Employee - Anonymous Employee,"June 21, 2018",https://www.glassdoor.sg/Reviews/Employee-Review-McKinsey-and-Company-RVW21142221.htm,"""EM""",4.0,,Positive Outlook,Approves of CEO,,I worked at McKinsey & Company full-time,Pros,"Big company, well recognized, good network",Cons,"Too big, and political and rigid",Share on Facebook,https://twitter.com/share?url=undefined/Reviews/Employee-Review-McKinsey-and-Company-RVW21142221.htm&text=McKinsey%20%26%20Company+review+on+%23Glassdoor%3A+%22EM%22,Share on Twitter,mailto:?Subject=McKinsey%20&%20Company%20review%20on%20Glassdoor&body=Read%20this%20review%20of%20McKinsey%20&%20Company%20on%20Glassdoor.%20%22EM%22%C2%A0undefined/Reviews/Employee-Review-McKinsey-and-Company-RVW21142221.htm,Share via Email,https://www.glassdoor.sg/Reviews/undefined/Reviews/Employee-Review-McKinsey-and-Company-RVW21142221.htm,Copy Link,Flag as Inappropriate
Current Employee - Anonymous Employee,"April 1, 2018",https://www.glassdoor.sg/Reviews/Employee-Review-McKinsey-and-Company-RVW19959720.htm,"""Consultant""",5.0,,Recommends,Positive Outlook,Approves of CEO,I have been working at McKinsey & Company full-time for less than a year,Pros,"Learn business and strategy, meeting Executive and traveling around. Insight of industry trends . making friends and having fun alot",Cons,"Long working hours, even when weekend and days off. sometime during lunch or dinner time you will have to work on something as well. politic in a professional perspective: calling it orchestra the pitch.",Share on Facebook,https://twitter.com/share?url=undefined/Reviews/Employee-Review-McKinsey-and-Company-RVW19959720.htm&text=McKinsey%20%26%20Company+review+on+%23Glassdoor%3A+%22Consultant%22,Share on Twitter,mailto:?Subject=McKinsey%20&%20Company%20review%20on%20Glassdoor&body=Read%20this%20review%20of%20McKinsey%20&%20Company%20on%20Glassdoor.%20%22Consultant%22%C2%A0undefined/Reviews/Employee-Review-McKinsey-and-Company-RVW19959720.htm,Share via Email,https://www.glassdoor.sg/Reviews/undefined/Reviews/Employee-Review-McKinsey-and-Company-RVW19959720.htm,Copy Link,Flag as Inappropriate
Current Employee - Anonymous Employee,"March 21, 2018",https://www.glassdoor.sg/Reviews/Employee-Review-McKinsey-and-Company-RVW19807784.htm,"""Great experience in McKinsey Implementation!""",4.0,,Recommends,Positive Outlook,Approves of CEO,I have been working at McKinsey & Company full-time,Pros,"- Lots of learning opportunities (both official training programs + on-the-job coaching) and great feedback culture to help push one to strengthen / improve
- Good structure to almost everything you can imagine, with much focus on the rigor of the process. This helps build a truly consistent Global firm (feel this more than any big 4 or other consulting firms like Accenture)
- Able to serve recognized clients on interesting problems (though this is 
 highly dependent on what kind of specialization or luck you have in staffing)
- Huge focus (bordering paranoia) on the Firm's values and culture
- Lots of communal events to bring people together and build a sense of family",Cons,"- Compensation is not comparable in MI to your traditional generalist even though the work output is relatively similar
- (as expected) work can be very intensive and taxing, both on the body and the mind - but this all depends on the mindset as it could be viewed as a great training ground to build resilience, discipline and self-awareness",Share on Facebook,https://twitter.com/share?url=undefined/Reviews/Employee-Review-McKinsey-and-Company-RVW19807784.htm&text=McKinsey%20%26%20Company+review+on+%23Glassdoor%3A+%22Great%20experience%20in%20McKinsey%20Implementation!%22,Share on Twitter,mailto:?Subject=McKinsey%20&%20Company%20review%20on%20Glassdoor&body=Read%20this%20review%20of%20McKinsey%20&%20Company%20on%20Glassdoor.%20%22Great%20experience%20in%20McKinsey%20Implementation!%22%C2%A0undefined/Reviews/Employee-Review-McKinsey-and-Company-RVW19807784.htm,Share via Email,https://www.glassdoor.sg/Reviews/undefined/Reviews/Employee-Review-McKinsey-and-Company-RVW19807784.htm,Copy Link,Flag as Inappropriate
Current Employee - Engagement Manager,"January 14, 2018",https://www.glassdoor.sg/Reviews/Employee-Review-McKinsey-and-Company-RVW18732049.htm,"""Great short-term benefits""",4.0,in Singapore,Recommends,Neutral Outlook,Approves of CEO,I have been working at McKinsey & Company full-time for more than a year,Pros,"- Learn to work with senior executives and understand how to communicate to them
- Daily practice of problem-solving and top-down communication skills
- Mostly work with highly intelligent, interesting, self-driven, and ambitious people
- Opens many doors at exit",Cons,"- Very demanding work, requires always full time being ""on"", can never set our mind off the work; if you do, it will catch up with you anyways
- Lots of travelling, can't spend time with you family and friends during weekdays
- Can't properly plan as your life depends on the client project schedules and you are expected to be flexible to change your plans to meet client needs",Share on Facebook,https://twitter.com/share?url=undefined/Reviews/Employee-Review-McKinsey-and-Company-RVW18732049.htm&text=McKinsey%20%26%20Company+review+on+%23Glassdoor%3A+%22Great%20short-term%20benefits%22,Share on Twitter,mailto:?Subject=McKinsey%20&%20Company%20review%20on%20Glassdoor&body=Read%20this%20review%20of%20McKinsey%20&%20Company%20on%20Glassdoor.%20%22Great%20short-term%20benefits%22%C2%A0undefined/Reviews/Employee-Review-McKinsey-and-Company-RVW18732049.htm,Share via Email,https://www.glassdoor.sg/Reviews/undefined/Reviews/Employee-Review-McKinsey-and-Company-RVW18732049.htm,Copy Link,Flag as Inappropriate
Current Employee - Anonymous Employee,"December 14, 2018",https://www.glassdoor.sg/Reviews/Employee-Review-McKinsey-and-Company-RVW23839256.htm,"""Strong company""",5.0,,,,,I have been working at McKinsey & Company full-time,Pros,Filled with really good people,Cons,Terrible working hours if in a bad project,Share on Facebook,https://twitter.com/share?url=undefined/Reviews/Employee-Review-McKinsey-and-Company-RVW23839256.htm&text=McKinsey%20%26%20Company+review+on+%23Glassdoor%3A+%22Strong%20company%22,Share on Twitter,mailto:?Subject=McKinsey%20&%20Company%20review%20on%20Glassdoor&body=Read%20this%20review%20of%20McKinsey%20&%20Company%20on%20Glassdoor.%20%22Strong%20company%22%C2%A0undefined/Reviews/Employee-Review-McKinsey-and-Company-RVW23839256.htm,Share via Email,https://www.glassdoor.sg/Reviews/undefined/Reviews/Employee-Review-McKinsey-and-Company-RVW23839256.htm,Copy Link,Flag as Inappropriate
Current Employee - Anonymous Employee,"December 20, 2018",https://www.glassdoor.sg/Reviews/Employee-Review-McKinsey-and-Company-RVW23912422.htm,"""Associate""",4.0,,,,,I have been working at McKinsey & Company full-time,Pros,"Steep learning curve on both technical & soft skills, high exposure to senior leadership",Cons,"Worklife balance, frequent travels to remote locations, need to align to leadership to progress",Share on Facebook,https://twitter.com/share?url=undefined/Reviews/Employee-Review-McKinsey-and-Company-RVW23912422.htm&text=McKinsey%20%26%20Company+review+on+%23Glassdoor%3A+%22Associate%22,Share on Twitter,mailto:?Subject=McKinsey%20&%20Company%20review%20on%20Glassdoor&body=Read%20this%20review%20of%20McKinsey%20&%20Company%20on%20Glassdoor.%20%22Associate%22%C2%A0undefined/Reviews/Employee-Review-McKinsey-and-Company-RVW23912422.htm,Share via Email,https://www.glassdoor.sg/Reviews/undefined/Reviews/Employee-Review-McKinsey-and-Company-RVW23912422.htm,Copy Link,Flag as Inappropriate
Former Employee - Anonymous Employee,"October 21, 2018",https://www.glassdoor.sg/Reviews/Employee-Review-McKinsey-and-Company-RVW23053985.htm,"""Incredible opportunities to learn and grow""",4.0,,Recommends,Positive Outlook,No Opinion of CEO,I worked at McKinsey & Company full-time,Pros,"- High level of ownership leading to steep learning curve
- Motivated, driven colleagues 
- High focus on personal development
- Stimulating problem-solving content
- Great brand name and exit opportunities",Cons,"- Long working hours
- Frustratingly high emphasis on creating and refining powerpoint slides
- Extensive travel",Share on Facebook,https://twitter.com/share?url=undefined/Reviews/Employee-Review-McKinsey-and-Company-RVW23053985.htm&text=McKinsey%20%26%20Company+review+on+%23Glassdoor%3A+%22Incredible%20opportunities%20to%20learn%20and%20grow%22,Share on Twitter,mailto:?Subject=McKinsey%20&%20Company%20review%20on%20Glassdoor&body=Read%20this%20review%20of%20McKinsey%20&%20Company%20on%20Glassdoor.%20%22Incredible%20opportunities%20to%20learn%20and%20grow%22%C2%A0undefined/Reviews/Employee-Review-McKinsey-and-Company-RVW23053985.htm,Share via Email,https://www.glassdoor.sg/Reviews/undefined/Reviews/Employee-Review-McKinsey-and-Company-RVW23053985.htm,Copy Link,Flag as Inappropriate
Former Employee - Engagement Manager,"August 20, 2018",https://www.glassdoor.sg/Reviews/Employee-Review-McKinsey-and-Company-RVW22056213.htm,"""Outstanding place to learn and develop""",5.0,in Singapore,Recommends,Positive Outlook,Approves of CEO,I worked at McKinsey & Company full-time for more than 3 years,Pros,Some of the smartest people in the world working on tough corporate problems,Cons,"Travel can get too much at times, work hours can be erratic, can have endless decks and churn of decks in 'projects from hell'",Share on Facebook,https://twitter.com/share?url=undefined/Reviews/Employee-Review-McKinsey-and-Company-RVW22056213.htm&text=McKinsey%20%26%20Company+review+on+%23Glassdoor%3A+%22Outstanding%20place%20to%20learn%20and%20develop%22,Share on Twitter,mailto:?Subject=McKinsey%20&%20Company%20review%20on%20Glassdoor&body=Read%20this%20review%20of%20McKinsey%20&%20Company%20on%20Glassdoor.%20%22Outstanding%20place%20to%20learn%20and%20develop%22%C2%A0undefined/Reviews/Employee-Review-McKinsey-and-Company-RVW22056213.htm,Share via Email,https://www.glassdoor.sg/Reviews/undefined/Reviews/Employee-Review-McKinsey-and-Company-RVW22056213.htm,Copy Link,Flag as Inappropriate
Current Employee - Engagement Manager,"June 17, 2018",https://www.glassdoor.sg/Reviews/Employee-Review-McKinsey-and-Company-RVW21074936.htm,"""How is it ?""",5.0,in Singapore,Doesn't Recommend,Positive Outlook,Approves of CEO,I have been working at McKinsey & Company full-time for more than 5 years,Pros,Good peer group and reputation,Cons,Long work hours and poor work life balance,Share on Facebook,https://twitter.com/share?url=undefined/Reviews/Employee-Review-McKinsey-and-Company-RVW21074936.htm&text=McKinsey%20%26%20Company+review+on+%23Glassdoor%3A+%22How%20is%20it%20?%22,Share on Twitter,mailto:?Subject=McKinsey%20&%20Company%20review%20on%20Glassdoor&body=Read%20this%20review%20of%20McKinsey%20&%20Company%20on%20Glassdoor.%20%22How%20is%20it%20?%22%C2%A0undefined/Reviews/Employee-Review-McKinsey-and-Company-RVW21074936.htm,Share via Email,https://www.glassdoor.sg/Reviews/undefined/Reviews/Employee-Review-McKinsey-and-Company-RVW21074936.htm,Copy Link,Flag as Inappropriate
Current Employee - Anonymous Employee,"June 24, 2018",https://www.glassdoor.sg/Reviews/Employee-Review-McKinsey-and-Company-RVW21183490.htm,"""live fast die young""",3.0,,Doesn't Recommend,Positive Outlook,No Opinion of CEO,I have been working at McKinsey & Company full-time,Pros,"lots of learning opportunity, working with smartest people, care about feedback, promote inclusiveness, there's some great management/Partners who really care.  Lots of flexible work program available.",Cons,"One firm policy is not consistent, benefits for support stuff is not that great, you can get burnt out fast. Turn-over rate is pretty high and it's not really encouraging when you see your colleague leave every month or so.",Share on Facebook,https://twitter.com/share?url=undefined/Reviews/Employee-Review-McKinsey-and-Company-RVW21183490.htm&text=McKinsey%20%26%20Company+review+on+%23Glassdoor%3A+%22live%20fast%20die%20young%22,Share on Twitter,mailto:?Subject=McKinsey%20&%20Company%20review%20on%20Glassdoor&body=Read%20this%20review%20of%20McKinsey%20&%20Company%20on%20Glassdoor.%20%22live%20fast%20die%20young%22%C2%A0undefined/Reviews/Employee-Review-McKinsey-and-Company-RVW21183490.htm,Share via Email,https://www.glassdoor.sg/Reviews/undefined/Reviews/Employee-Review-McKinsey-and-Company-RVW21183490.htm,Copy Link,Flag as Inappropriate
Former Employee - Anonymous Employee,"June 21, 2018",https://www.glassdoor.sg/Reviews/Employee-Review-McKinsey-and-Company-RVW21142221.htm,"""EM""",4.0,,Positive Outlook,Approves of CEO,,I worked at McKinsey & Company full-time,Pros,"Big company, well recognized, good network",Cons,"Too big, and political and rigid",Share on Facebook,https://twitter.com/share?url=undefined/Reviews/Employee-Review-McKinsey-and-Company-RVW21142221.htm&text=McKinsey%20%26%20Company+review+on+%23Glassdoor%3A+%22EM%22,Share on Twitter,mailto:?Subject=McKinsey%20&%20Company%20review%20on%20Glassdoor&body=Read%20this%20review%20of%20McKinsey%20&%20Company%20on%20Glassdoor.%20%22EM%22%C2%A0undefined/Reviews/Employee-Review-McKinsey-and-Company-RVW21142221.htm,Share via Email,https://www.glassdoor.sg/Reviews/undefined/Reviews/Employee-Review-McKinsey-and-Company-RVW21142221.htm,Copy Link,Flag as Inappropriate
Current Employee - Anonymous Employee,"April 1, 2018",https://www.glassdoor.sg/Reviews/Employee-Review-McKinsey-and-Company-RVW19959720.htm,"""Consultant""",5.0,,Recommends,Positive Outlook,Approves of CEO,I have been working at McKinsey & Company full-time for less than a year,Pros,"Learn business and strategy, meeting Executive and traveling around. Insight of industry trends . making friends and having fun alot",Cons,"Long working hours, even when weekend and days off. sometime during lunch or dinner time you will have to work on something as well. politic in a professional perspective: calling it orchestra the pitch.",Share on Facebook,https://twitter.com/share?url=undefined/Reviews/Employee-Review-McKinsey-and-Company-RVW19959720.htm&text=McKinsey%20%26%20Company+review+on+%23Glassdoor%3A+%22Consultant%22,Share on Twitter,mailto:?Subject=McKinsey%20&%20Company%20review%20on%20Glassdoor&body=Read%20this%20review%20of%20McKinsey%20&%20Company%20on%20Glassdoor.%20%22Consultant%22%C2%A0undefined/Reviews/Employee-Review-McKinsey-and-Company-RVW19959720.htm,Share via Email,https://www.glassdoor.sg/Reviews/undefined/Reviews/Employee-Review-McKinsey-and-Company-RVW19959720.htm,Copy Link,Flag as Inappropriate
Current Employee - Anonymous Employee,"March 21, 2018",https://www.glassdoor.sg/Reviews/Employee-Review-McKinsey-and-Company-RVW19807784.htm,"""Great experience in McKinsey Implementation!""",4.0,,Recommends,Positive Outlook,Approves of CEO,I have been working at McKinsey & Company full-time,Pros,"- Lots of learning opportunities (both official training programs + on-the-job coaching) and great feedback culture to help push one to strengthen / improve
- Good structure to almost everything you can imagine, with much focus on the rigor of the process. This helps build a truly consistent Global firm (feel this more than any big 4 or other consulting firms like Accenture)
- Able to serve recognized clients on interesting problems (though this is 
 highly dependent on what kind of specialization or luck you have in staffing)
- Huge focus (bordering paranoia) on the Firm's values and culture
- Lots of communal events to bring people together and build a sense of family",Cons,"- Compensation is not comparable in MI to your traditional generalist even though the work output is relatively similar
- (as expected) work can be very intensive and taxing, both on the body and the mind - but this all depends on the mindset as it could be viewed as a great training ground to build resilience, discipline and self-awareness",Share on Facebook,https://twitter.com/share?url=undefined/Reviews/Employee-Review-McKinsey-and-Company-RVW19807784.htm&text=McKinsey%20%26%20Company+review+on+%23Glassdoor%3A+%22Great%20experience%20in%20McKinsey%20Implementation!%22,Share on Twitter,mailto:?Subject=McKinsey%20&%20Company%20review%20on%20Glassdoor&body=Read%20this%20review%20of%20McKinsey%20&%20Company%20on%20Glassdoor.%20%22Great%20experience%20in%20McKinsey%20Implementation!%22%C2%A0undefined/Reviews/Employee-Review-McKinsey-and-Company-RVW19807784.htm,Share via Email,https://www.glassdoor.sg/Reviews/undefined/Reviews/Employee-Review-McKinsey-and-Company-RVW19807784.htm,Copy Link,Flag as Inappropriate
Current Employee - Engagement Manager,"January 14, 2018",https://www.glassdoor.sg/Reviews/Employee-Review-McKinsey-and-Company-RVW18732049.htm,"""Great short-term benefits""",4.0,in Singapore,Recommends,Neutral Outlook,Approves of CEO,I have been working at McKinsey & Company full-time for more than a year,Pros,"- Learn to work with senior executives and understand how to communicate to them
- Daily practice of problem-solving and top-down communication skills
- Mostly work with highly intelligent, interesting, self-driven, and ambitious people
- Opens many doors at exit",Cons,"- Very demanding work, requires always full time being ""on"", can never set our mind off the work; if you do, it will catch up with you anyways
- Lots of travelling, can't spend time with you family and friends during weekdays
- Can't properly plan as your life depends on the client project schedules and you are expected to be flexible to change your plans to meet client needs",Share on Facebook,https://twitter.com/share?url=undefined/Reviews/Employee-Review-McKinsey-and-Company-RVW18732049.htm&text=McKinsey%20%26%20Company+review+on+%23Glassdoor%3A+%22Great%20short-term%20benefits%22,Share on Twitter,mailto:?Subject=McKinsey%20&%20Company%20review%20on%20Glassdoor&body=Read%20this%20review%20of%20McKinsey%20&%20Company%20on%20Glassdoor.%20%22Great%20short-term%20benefits%22%C2%A0undefined/Reviews/Employee-Review-McKinsey-and-Company-RVW18732049.htm,Share via Email,https://www.glassdoor.sg/Reviews/undefined/Reviews/Employee-Review-McKinsey-and-Company-RVW18732049.htm,Copy Link,Flag as Inappropriate
Current Employee - Anonymous Employee,"December 14, 2018",https://www.glassdoor.sg/Reviews/Employee-Review-McKinsey-and-Company-RVW23839256.htm,"""Strong company""",5.0,,,,,I have been working at McKinsey & Company full-time,Pros,Filled with really good people,Cons,Terrible working hours if in a bad project,Share on Facebook,https://twitter.com/share?url=undefined/Reviews/Employee-Review-McKinsey-and-Company-RVW23839256.htm&text=McKinsey%20%26%20Company+review+on+%23Glassdoor%3A+%22Strong%20company%22,Share on Twitter,mailto:?Subject=McKinsey%20&%20Company%20review%20on%20Glassdoor&body=Read%20this%20review%20of%20McKinsey%20&%20Company%20on%20Glassdoor.%20%22Strong%20company%22%C2%A0undefined/Reviews/Employee-Review-McKinsey-and-Company-RVW23839256.htm,Share via Email,https://www.glassdoor.sg/Reviews/undefined/Reviews/Employee-Review-McKinsey-and-Company-RVW23839256.htm,Copy Link,Flag as Inappropriate
Current Employee - Anonymous Employee,"December 20, 2018",https://www.glassdoor.sg/Reviews/Employee-Review-McKinsey-and-Company-RVW23912422.htm,"""Associate""",4.0,,,,,I have been working at McKinsey & Company full-time,Pros,"Steep learning curve on both technical & soft skills, high exposure to senior leadership",Cons,"Worklife balance, frequent travels to remote locations, need to align to leadership to progress",Share on Facebook,https://twitter.com/share?url=undefined/Reviews/Employee-Review-McKinsey-and-Company-RVW23912422.htm&text=McKinsey%20%26%20Company+review+on+%23Glassdoor%3A+%22Associate%22,Share on Twitter,mailto:?Subject=McKinsey%20&%20Company%20review%20on%20Glassdoor&body=Read%20this%20review%20of%20McKinsey%20&%20Company%20on%20Glassdoor.%20%22Associate%22%C2%A0undefined/Reviews/Employee-Review-McKinsey-and-Company-RVW23912422.htm,Share via Email,https://www.glassdoor.sg/Reviews/undefined/Reviews/Employee-Review-McKinsey-and-Company-RVW23912422.htm,Copy Link,Flag as Inappropriate
Former Employee - Anonymous Employee,"October 21, 2018",https://www.glassdoor.sg/Reviews/Employee-Review-McKinsey-and-Company-RVW23053985.htm,"""Incredible opportunities to learn and grow""",4.0,,Recommends,Positive Outlook,No Opinion of CEO,I worked at McKinsey & Company full-time,Pros,"- High level of ownership leading to steep learning curve
- Motivated, driven colleagues 
- High focus on personal development
- Stimulating problem-solving content
- Great brand name and exit opportunities",Cons,"- Long working hours
- Frustratingly high emphasis on creating and refining powerpoint slides
- Extensive travel",Share on Facebook,https://twitter.com/share?url=undefined/Reviews/Employee-Review-McKinsey-and-Company-RVW23053985.htm&text=McKinsey%20%26%20Company+review+on+%23Glassdoor%3A+%22Incredible%20opportunities%20to%20learn%20and%20grow%22,Share on Twitter,mailto:?Subject=McKinsey%20&%20Company%20review%20on%20Glassdoor&body=Read%20this%20review%20of%20McKinsey%20&%20Company%20on%20Glassdoor.%20%22Incredible%20opportunities%20to%20learn%20and%20grow%22%C2%A0undefined/Reviews/Employee-Review-McKinsey-and-Company-RVW23053985.htm,Share via Email,https://www.glassdoor.sg/Reviews/undefined/Reviews/Employee-Review-McKinsey-and-Company-RVW23053985.htm,Copy Link,Flag as Inappropriate
Former Employee - Engagement Manager,"August 20, 2018",https://www.glassdoor.sg/Reviews/Employee-Review-McKinsey-and-Company-RVW22056213.htm,"""Outstanding place to learn and develop""",5.0,in Singapore,Recommends,Positive Outlook,Approves of CEO,I worked at McKinsey & Company full-time for more than 3 years,Pros,Some of the smartest people in the world working on tough corporate problems,Cons,"Travel can get too much at times, work hours can be erratic, can have endless decks and churn of decks in 'projects from hell'",Share on Facebook,https://twitter.com/share?url=undefined/Reviews/Employee-Review-McKinsey-and-Company-RVW22056213.htm&text=McKinsey%20%26%20Company+review+on+%23Glassdoor%3A+%22Outstanding%20place%20to%20learn%20and%20develop%22,Share on Twitter,mailto:?Subject=McKinsey%20&%20Company%20review%20on%20Glassdoor&body=Read%20this%20review%20of%20McKinsey%20&%20Company%20on%20Glassdoor.%20%22Outstanding%20place%20to%20learn%20and%20develop%22%C2%A0undefined/Reviews/Employee-Review-McKinsey-and-Company-RVW22056213.htm,Share via Email,https://www.glassdoor.sg/Reviews/undefined/Reviews/Employee-Review-McKinsey-and-Company-RVW22056213.htm,Copy Link,Flag as Inappropriate
Current Employee - Engagement Manager,"June 17, 2018",https://www.glassdoor.sg/Reviews/Employee-Review-McKinsey-and-Company-RVW21074936.htm,"""How is it ?""",5.0,in Singapore,Doesn't Recommend,Positive Outlook,Approves of CEO,I have been working at McKinsey & Company full-time for more than 5 years,Pros,Good peer group and reputation,Cons,Long work hours and poor work life balance,Share on Facebook,https://twitter.com/share?url=undefined/Reviews/Employee-Review-McKinsey-and-Company-RVW21074936.htm&text=McKinsey%20%26%20Company+review+on+%23Glassdoor%3A+%22How%20is%20it%20?%22,Share on Twitter,mailto:?Subject=McKinsey%20&%20Company%20review%20on%20Glassdoor&body=Read%20this%20review%20of%20McKinsey%20&%20Company%20on%20Glassdoor.%20%22How%20is%20it%20?%22%C2%A0undefined/Reviews/Employee-Review-McKinsey-and-Company-RVW21074936.htm,Share via Email,https://www.glassdoor.sg/Reviews/undefined/Reviews/Employee-Review-McKinsey-and-Company-RVW21074936.htm,Copy Link,Flag as Inappropriate
Current Employee - Anonymous Employee,"June 24, 2018",https://www.glassdoor.sg/Reviews/Employee-Review-McKinsey-and-Company-RVW21183490.htm,"""live fast die young""",3.0,,Doesn't Recommend,Positive Outlook,No Opinion of CEO,I have been working at McKinsey & Company full-time,Pros,"lots of learning opportunity, working with smartest people, care about feedback, promote inclusiveness, there's some great management/Partners who really care.  Lots of flexible work program available.",Cons,"One firm policy is not consistent, benefits for support stuff is not that great, you can get burnt out fast. Turn-over rate is pretty high and it's not really encouraging when you see your colleague leave every month or so.",Share on Facebook,https://twitter.com/share?url=undefined/Reviews/Employee-Review-McKinsey-and-Company-RVW21183490.htm&text=McKinsey%20%26%20Company+review+on+%23Glassdoor%3A+%22live%20fast%20die%20young%22,Share on Twitter,mailto:?Subject=McKinsey%20&%20Company%20review%20on%20Glassdoor&body=Read%20this%20review%20of%20McKinsey%20&%20Company%20on%20Glassdoor.%20%22live%20fast%20die%20young%22%C2%A0undefined/Reviews/Employee-Review-McKinsey-and-Company-RVW21183490.htm,Share via Email,https://www.glassdoor.sg/Reviews/undefined/Reviews/Employee-Review-McKinsey-and-Company-RVW21183490.htm,Copy Link,Flag as Inappropriate
Former Employee - Anonymous Employee,"June 21, 2018",https://www.glassdoor.sg/Reviews/Employee-Review-McKinsey-and-Company-RVW21142221.htm,"""EM""",4.0,,Positive Outlook,Approves of CEO,,I worked at McKinsey & Company full-time,Pros,"Big company, well recognized, good network",Cons,"Too big, and political and rigid",Share on Facebook,https://twitter.com/share?url=undefined/Reviews/Employee-Review-McKinsey-and-Company-RVW21142221.htm&text=McKinsey%20%26%20Company+review+on+%23Glassdoor%3A+%22EM%22,Share on Twitter,mailto:?Subject=McKinsey%20&%20Company%20review%20on%20Glassdoor&body=Read%20this%20review%20of%20McKinsey%20&%20Company%20on%20Glassdoor.%20%22EM%22%C2%A0undefined/Reviews/Employee-Review-McKinsey-and-Company-RVW21142221.htm,Share via Email,https://www.glassdoor.sg/Reviews/undefined/Reviews/Employee-Review-McKinsey-and-Company-RVW21142221.htm,Copy Link,Flag as Inappropriate
Current Employee - Anonymous Employee,"April 1, 2018",https://www.glassdoor.sg/Reviews/Employee-Review-McKinsey-and-Company-RVW19959720.htm,"""Consultant""",5.0,,Recommends,Positive Outlook,Approves of CEO,I have been working at McKinsey & Company full-time for less than a year,Pros,"Learn business and strategy, meeting Executive and traveling around. Insight of industry trends . making friends and having fun alot",Cons,"Long working hours, even when weekend and days off. sometime during lunch or dinner time you will have to work on something as well. politic in a professional perspective: calling it orchestra the pitch.",Share on Facebook,https://twitter.com/share?url=undefined/Reviews/Employee-Review-McKinsey-and-Company-RVW19959720.htm&text=McKinsey%20%26%20Company+review+on+%23Glassdoor%3A+%22Consultant%22,Share on Twitter,mailto:?Subject=McKinsey%20&%20Company%20review%20on%20Glassdoor&body=Read%20this%20review%20of%20McKinsey%20&%20Company%20on%20Glassdoor.%20%22Consultant%22%C2%A0undefined/Reviews/Employee-Review-McKinsey-and-Company-RVW19959720.htm,Share via Email,https://www.glassdoor.sg/Reviews/undefined/Reviews/Employee-Review-McKinsey-and-Company-RVW19959720.htm,Copy Link,Flag as Inappropriate
Current Employee - Anonymous Employee,"March 21, 2018",https://www.glassdoor.sg/Reviews/Employee-Review-McKinsey-and-Company-RVW19807784.htm,"""Great experience in McKinsey Implementation!""",4.0,,Recommends,Positive Outlook,Approves of CEO,I have been working at McKinsey & Company full-time,Pros,"- Lots of learning opportunities (both official training programs + on-the-job coaching) and great feedback culture to help push one to strengthen / improve
- Good structure to almost everything you can imagine, with much focus on the rigor of the process. This helps build a truly consistent Global firm (feel this more than any big 4 or other consulting firms like Accenture)
- Able to serve recognized clients on interesting problems (though this is 
 highly dependent on what kind of specialization or luck you have in staffing)
- Huge focus (bordering paranoia) on the Firm's values and culture
- Lots of communal events to bring people together and build a sense of family",Cons,"- Compensation is not comparable in MI to your traditional generalist even though the work output is relatively similar
- (as expected) work can be very intensive and taxing, both on the body and the mind - but this all depends on the mindset as it could be viewed as a great training ground to build resilience, discipline and self-awareness",Share on Facebook,https://twitter.com/share?url=undefined/Reviews/Employee-Review-McKinsey-and-Company-RVW19807784.htm&text=McKinsey%20%26%20Company+review+on+%23Glassdoor%3A+%22Great%20experience%20in%20McKinsey%20Implementation!%22,Share on Twitter,mailto:?Subject=McKinsey%20&%20Company%20review%20on%20Glassdoor&body=Read%20this%20review%20of%20McKinsey%20&%20Company%20on%20Glassdoor.%20%22Great%20experience%20in%20McKinsey%20Implementation!%22%C2%A0undefined/Reviews/Employee-Review-McKinsey-and-Company-RVW19807784.htm,Share via Email,https://www.glassdoor.sg/Reviews/undefined/Reviews/Employee-Review-McKinsey-and-Company-RVW19807784.htm,Copy Link,Flag as Inappropriate
Current Employee - Engagement Manager,"January 14, 2018",https://www.glassdoor.sg/Reviews/Employee-Review-McKinsey-and-Company-RVW18732049.htm,"""Great short-term benefits""",4.0,in Singapore,Recommends,Neutral Outlook,Approves of CEO,I have been working at McKinsey & Company full-time for more than a year,Pros,"- Learn to work with senior executives and understand how to communicate to them
- Daily practice of problem-solving and top-down communication skills
- Mostly work with highly intelligent, interesting, self-driven, and ambitious people
- Opens many doors at exit",Cons,"- Very demanding work, requires always full time being ""on"", can never set our mind off the work; if you do, it will catch up with you anyways
- Lots of travelling, can't spend time with you family and friends during weekdays
- Can't properly plan as your life depends on the client project schedules and you are expected to be flexible to change your plans to meet client needs",Share on Facebook,https://twitter.com/share?url=undefined/Reviews/Employee-Review-McKinsey-and-Company-RVW18732049.htm&text=McKinsey%20%26%20Company+review+on+%23Glassdoor%3A+%22Great%20short-term%20benefits%22,Share on Twitter,mailto:?Subject=McKinsey%20&%20Company%20review%20on%20Glassdoor&body=Read%20this%20review%20of%20McKinsey%20&%20Company%20on%20Glassdoor.%20%22Great%20short-term%20benefits%22%C2%A0undefined/Reviews/Employee-Review-McKinsey-and-Company-RVW18732049.htm,Share via Email,https://www.glassdoor.sg/Reviews/undefined/Reviews/Employee-Review-McKinsey-and-Company-RVW18732049.htm,Copy Link,Flag as Inappropriate
Current Employee - Anonymous Employee,"December 14, 2018",https://www.glassdoor.sg/Reviews/Employee-Review-McKinsey-and-Company-RVW23839256.htm,"""Strong company""",5.0,,,,,I have been working at McKinsey & Company full-time,Pros,Filled with really good people,Cons,Terrible working hours if in a bad project,Share on Facebook,https://twitter.com/share?url=undefined/Reviews/Employee-Review-McKinsey-and-Company-RVW23839256.htm&text=McKinsey%20%26%20Company+review+on+%23Glassdoor%3A+%22Strong%20company%22,Share on Twitter,mailto:?Subject=McKinsey%20&%20Company%20review%20on%20Glassdoor&body=Read%20this%20review%20of%20McKinsey%20&%20Company%20on%20Glassdoor.%20%22Strong%20company%22%C2%A0undefined/Reviews/Employee-Review-McKinsey-and-Company-RVW23839256.htm,Share via Email,https://www.glassdoor.sg/Reviews/undefined/Reviews/Employee-Review-McKinsey-and-Company-RVW23839256.htm,Copy Link,Flag as Inappropriate
Current Employee - Anonymous Employee,"December 20, 2018",https://www.glassdoor.sg/Reviews/Employee-Review-McKinsey-and-Company-RVW23912422.htm,"""Associate""",4.0,,,,,I have been working at McKinsey & Company full-time,Pros,"Steep learning curve on both technical & soft skills, high exposure to senior leadership",Cons,"Worklife balance, frequent travels to remote locations, need to align to leadership to progress",Share on Facebook,https://twitter.com/share?url=undefined/Reviews/Employee-Review-McKinsey-and-Company-RVW23912422.htm&text=McKinsey%20%26%20Company+review+on+%23Glassdoor%3A+%22Associate%22,Share on Twitter,mailto:?Subject=McKinsey%20&%20Company%20review%20on%20Glassdoor&body=Read%20this%20review%20of%20McKinsey%20&%20Company%20on%20Glassdoor.%20%22Associate%22%C2%A0undefined/Reviews/Employee-Review-McKinsey-and-Company-RVW23912422.htm,Share via Email,https://www.glassdoor.sg/Reviews/undefined/Reviews/Employee-Review-McKinsey-and-Company-RVW23912422.htm,Copy Link,Flag as Inappropriate
Former Employee - Anonymous Employee,"October 21, 2018",https://www.glassdoor.sg/Reviews/Employee-Review-McKinsey-and-Company-RVW23053985.htm,"""Incredible opportunities to learn and grow""",4.0,,Recommends,Positive Outlook,No Opinion of CEO,I worked at McKinsey & Company full-time,Pros,"- High level of ownership leading to steep learning curve
- Motivated, driven colleagues 
- High focus on personal development
- Stimulating problem-solving content
- Great brand name and exit opportunities",Cons,"- Long working hours
- Frustratingly high emphasis on creating and refining powerpoint slides
- Extensive travel",Share on Facebook,https://twitter.com/share?url=undefined/Reviews/Employee-Review-McKinsey-and-Company-RVW23053985.htm&text=McKinsey%20%26%20Company+review+on+%23Glassdoor%3A+%22Incredible%20opportunities%20to%20learn%20and%20grow%22,Share on Twitter,mailto:?Subject=McKinsey%20&%20Company%20review%20on%20Glassdoor&body=Read%20this%20review%20of%20McKinsey%20&%20Company%20on%20Glassdoor.%20%22Incredible%20opportunities%20to%20learn%20and%20grow%22%C2%A0undefined/Reviews/Employee-Review-McKinsey-and-Company-RVW23053985.htm,Share via Email,https://www.glassdoor.sg/Reviews/undefined/Reviews/Employee-Review-McKinsey-and-Company-RVW23053985.htm,Copy Link,Flag as Inappropriate
Former Employee - Engagement Manager,"August 20, 2018",https://www.glassdoor.sg/Reviews/Employee-Review-McKinsey-and-Company-RVW22056213.htm,"""Outstanding place to learn and develop""",5.0,in Singapore,Recommends,Positive Outlook,Approves of CEO,I worked at McKinsey & Company full-time for more than 3 years,Pros,Some of the smartest people in the world working on tough corporate problems,Cons,"Travel can get too much at times, work hours can be erratic, can have endless decks and churn of decks in 'projects from hell'",Share on Facebook,https://twitter.com/share?url=undefined/Reviews/Employee-Review-McKinsey-and-Company-RVW22056213.htm&text=McKinsey%20%26%20Company+review+on+%23Glassdoor%3A+%22Outstanding%20place%20to%20learn%20and%20develop%22,Share on Twitter,mailto:?Subject=McKinsey%20&%20Company%20review%20on%20Glassdoor&body=Read%20this%20review%20of%20McKinsey%20&%20Company%20on%20Glassdoor.%20%22Outstanding%20place%20to%20learn%20and%20develop%22%C2%A0undefined/Reviews/Employee-Review-McKinsey-and-Company-RVW22056213.htm,Share via Email,https://www.glassdoor.sg/Reviews/undefined/Reviews/Employee-Review-McKinsey-and-Company-RVW22056213.htm,Copy Link,Flag as Inappropriate
Current Employee - Engagement Manager,"June 17, 2018",https://www.glassdoor.sg/Reviews/Employee-Review-McKinsey-and-Company-RVW21074936.htm,"""How is it ?""",5.0,in Singapore,Doesn't Recommend,Positive Outlook,Approves of CEO,I have been working at McKinsey & Company full-time for more than 5 years,Pros,Good peer group and reputation,Cons,Long work hours and poor work life balance,Share on Facebook,https://twitter.com/share?url=undefined/Reviews/Employee-Review-McKinsey-and-Company-RVW21074936.htm&text=McKinsey%20%26%20Company+review+on+%23Glassdoor%3A+%22How%20is%20it%20?%22,Share on Twitter,mailto:?Subject=McKinsey%20&%20Company%20review%20on%20Glassdoor&body=Read%20this%20review%20of%20McKinsey%20&%20Company%20on%20Glassdoor.%20%22How%20is%20it%20?%22%C2%A0undefined/Reviews/Employee-Review-McKinsey-and-Company-RVW21074936.htm,Share via Email,https://www.glassdoor.sg/Reviews/undefined/Reviews/Employee-Review-McKinsey-and-Company-RVW21074936.htm,Copy Link,Flag as Inappropriate
Current Employee - Anonymous Employee,"June 24, 2018",https://www.glassdoor.sg/Reviews/Employee-Review-McKinsey-and-Company-RVW21183490.htm,"""live fast die young""",3.0,,Doesn't Recommend,Positive Outlook,No Opinion of CEO,I have been working at McKinsey & Company full-time,Pros,"lots of learning opportunity, working with smartest people, care about feedback, promote inclusiveness, there's some great management/Partners who really care.  Lots of flexible work program available.",Cons,"One firm policy is not consistent, benefits for support stuff is not that great, you can get burnt out fast. Turn-over rate is pretty high and it's not really encouraging when you see your colleague leave every month or so.",Share on Facebook,https://twitter.com/share?url=undefined/Reviews/Employee-Review-McKinsey-and-Company-RVW21183490.htm&text=McKinsey%20%26%20Company+review+on+%23Glassdoor%3A+%22live%20fast%20die%20young%22,Share on Twitter,mailto:?Subject=McKinsey%20&%20Company%20review%20on%20Glassdoor&body=Read%20this%20review%20of%20McKinsey%20&%20Company%20on%20Glassdoor.%20%22live%20fast%20die%20young%22%C2%A0undefined/Reviews/Employee-Review-McKinsey-and-Company-RVW21183490.htm,Share via Email,https://www.glassdoor.sg/Reviews/undefined/Reviews/Employee-Review-McKinsey-and-Company-RVW21183490.htm,Copy Link,Flag as Inappropriate
Former Employee - Anonymous Employee,"June 21, 2018",https://www.glassdoor.sg/Reviews/Employee-Review-McKinsey-and-Company-RVW21142221.htm,"""EM""",4.0,,Positive Outlook,Approves of CEO,,I worked at McKinsey & Company full-time,Pros,"Big company, well recognized, good network",Cons,"Too big, and political and rigid",Share on Facebook,https://twitter.com/share?url=undefined/Reviews/Employee-Review-McKinsey-and-Company-RVW21142221.htm&text=McKinsey%20%26%20Company+review+on+%23Glassdoor%3A+%22EM%22,Share on Twitter,mailto:?Subject=McKinsey%20&%20Company%20review%20on%20Glassdoor&body=Read%20this%20review%20of%20McKinsey%20&%20Company%20on%20Glassdoor.%20%22EM%22%C2%A0undefined/Reviews/Employee-Review-McKinsey-and-Company-RVW21142221.htm,Share via Email,https://www.glassdoor.sg/Reviews/undefined/Reviews/Employee-Review-McKinsey-and-Company-RVW21142221.htm,Copy Link,Flag as Inappropriate
Current Employee - Anonymous Employee,"April 1, 2018",https://www.glassdoor.sg/Reviews/Employee-Review-McKinsey-and-Company-RVW19959720.htm,"""Consultant""",5.0,,Recommends,Positive Outlook,Approves of CEO,I have been working at McKinsey & Company full-time for less than a year,Pros,"Learn business and strategy, meeting Executive and traveling around. Insight of industry trends . making friends and having fun alot",Cons,"Long working hours, even when weekend and days off. sometime during lunch or dinner time you will have to work on something as well. politic in a professional perspective: calling it orchestra the pitch.",Share on Facebook,https://twitter.com/share?url=undefined/Reviews/Employee-Review-McKinsey-and-Company-RVW19959720.htm&text=McKinsey%20%26%20Company+review+on+%23Glassdoor%3A+%22Consultant%22,Share on Twitter,mailto:?Subject=McKinsey%20&%20Company%20review%20on%20Glassdoor&body=Read%20this%20review%20of%20McKinsey%20&%20Company%20on%20Glassdoor.%20%22Consultant%22%C2%A0undefined/Reviews/Employee-Review-McKinsey-and-Company-RVW19959720.htm,Share via Email,https://www.glassdoor.sg/Reviews/undefined/Reviews/Employee-Review-McKinsey-and-Company-RVW19959720.htm,Copy Link,Flag as Inappropriate
Current Employee - Anonymous Employee,"March 21, 2018",https://www.glassdoor.sg/Reviews/Employee-Review-McKinsey-and-Company-RVW19807784.htm,"""Great experience in McKinsey Implementation!""",4.0,,Recommends,Positive Outlook,Approves of CEO,I have been working at McKinsey & Company full-time,Pros,"- Lots of learning opportunities (both official training programs + on-the-job coaching) and great feedback culture to help push one to strengthen / improve
- Good structure to almost everything you can imagine, with much focus on the rigor of the process. This helps build a truly consistent Global firm (feel this more than any big 4 or other consulting firms like Accenture)
- Able to serve recognized clients on interesting problems (though this is 
 highly dependent on what kind of specialization or luck you have in staffing)
- Huge focus (bordering paranoia) on the Firm's values and culture
- Lots of communal events to bring people together and build a sense of family",Cons,"- Compensation is not comparable in MI to your traditional generalist even though the work output is relatively similar
- (as expected) work can be very intensive and taxing, both on the body and the mind - but this all depends on the mindset as it could be viewed as a great training ground to build resilience, discipline and self-awareness",Share on Facebook,https://twitter.com/share?url=undefined/Reviews/Employee-Review-McKinsey-and-Company-RVW19807784.htm&text=McKinsey%20%26%20Company+review+on+%23Glassdoor%3A+%22Great%20experience%20in%20McKinsey%20Implementation!%22,Share on Twitter,mailto:?Subject=McKinsey%20&%20Company%20review%20on%20Glassdoor&body=Read%20this%20review%20of%20McKinsey%20&%20Company%20on%20Glassdoor.%20%22Great%20experience%20in%20McKinsey%20Implementation!%22%C2%A0undefined/Reviews/Employee-Review-McKinsey-and-Company-RVW19807784.htm,Share via Email,https://www.glassdoor.sg/Reviews/undefined/Reviews/Employee-Review-McKinsey-and-Company-RVW19807784.htm,Copy Link,Flag as Inappropriate
Current Employee - Engagement Manager,"January 14, 2018",https://www.glassdoor.sg/Reviews/Employee-Review-McKinsey-and-Company-RVW18732049.htm,"""Great short-term benefits""",4.0,in Singapore,Recommends,Neutral Outlook,Approves of CEO,I have been working at McKinsey & Company full-time for more than a year,Pros,"- Learn to work with senior executives and understand how to communicate to them
- Daily practice of problem-solving and top-down communication skills
- Mostly work with highly intelligent, interesting, self-driven, and ambitious people
- Opens many doors at exit",Cons,"- Very demanding work, requires always full time being ""on"", can never set our mind off the work; if you do, it will catch up with you anyways
- Lots of travelling, can't spend time with you family and friends during weekdays
- Can't properly plan as your life depends on the client project schedules and you are expected to be flexible to change your plans to meet client needs",Share on Facebook,https://twitter.com/share?url=undefined/Reviews/Employee-Review-McKinsey-and-Company-RVW18732049.htm&text=McKinsey%20%26%20Company+review+on+%23Glassdoor%3A+%22Great%20short-term%20benefits%22,Share on Twitter,mailto:?Subject=McKinsey%20&%20Company%20review%20on%20Glassdoor&body=Read%20this%20review%20of%20McKinsey%20&%20Company%20on%20Glassdoor.%20%22Great%20short-term%20benefits%22%C2%A0undefined/Reviews/Employee-Review-McKinsey-and-Company-RVW18732049.htm,Share via Email,https://www.glassdoor.sg/Reviews/undefined/Reviews/Employee-Review-McKinsey-and-Company-RVW18732049.htm,Copy Link,Flag as Inappropriate